sku,titulo,status,categoria_ml,preco_ml,comissao_ml,pct_comissao_ml,frete_vendedor_ml,recebido_ml,preco_site,taxa_site_pct,taxa_site_rs,recebido_site,custo_planilha,frete_inbound_planilha,margem_planilha_pct,preco_final_planilha,obs,dif_recebido_ml_menos_site
A56254,Aro Tampa Reservatorio Central De Sementes,active,MLB456879,172.67,20.72,12.0,19.05,132.9,132.9,20.82,27.67,105.23,50.0,23.66,30.0,132.9,,27.67
8031-4009,Bico Central 45/50 Plataforma De Milho Brava Stara 8031-4009,active,MLB456878,488.97,44.01,9.0,25.45,419.51,419.51,20.82,87.34,332.17,156.90996,75.61,30.0,419.51,,87.34
6424-4028,Bocal Pipoqueira,active,MLB456879,21.29,2.55,12.0,6.85,11.89,13.08,20.82,2.72,10.36,6.47082,0.78,30.0,13.08,,1.53
5.1305.0565077,Bomba Hidráulica John Deere A-005,active,MLB457278,3370.08,404.41,12.0,40.85,2924.82,2924.82,20.82,608.95,2315.87,1752.7,100.0,20.0,2924.82,,608.95
5.0209.0547219,Bomba Hidráulica John Deere Colhedeira 1150/1165/1185/7300/7,active,MLB457278,1819.36,218.32,12.0,75.65,1525.39,1819.36,20.82,378.79,1440.57,,,,,sem linha na planilha,84.82
5.0220.0547216,Bomba Hidráulica Massey Ferguson 296-4/297-4/299-4,active,MLB457278,2882.71,345.93,12.0,50.75,2486.03,2486.03,20.82,517.59,1968.44,1474.75,100.0,20.0,2486.03,,517.59
5.0220.0547202,Bomba Hidráulica Valtra-valmet 62/65/68/85/86/88/78el,active,MLB457278,2249.39,382.4,17.0,69.35,1797.64,1797.64,20.82,374.27,1423.37,1038.7,100.0,20.0,1797.64,,374.27
6117-4142,Bucha Do Mancal Pantográfico Stara 6117-4142,active,MLB456879,12.51,1.5,12.0,5.65,5.36,3.34,20.82,0.7,2.64,1.4904,0.36,30.0,3.34,,2.72
CQ59313,Caixa De Sementes Mini Hooper,active,MLB456879,111.19,13.34,12.0,16.85,81.0,80.99,20.82,16.86,64.13,27.0,17.89,30.0,80.99,,16.87
6424-4013,Condutor Adubo Disco Duplo,active,MLB456879,33.3,4.0,12.0,7.35,21.95,21.95,20.82,4.57,17.38,8.23446,3.93,30.0,21.95,,4.57
CQ65827,Condutor De Adubo Plantadeiras John Deere Cq65827,active,MLB456879,18.84,2.26,12.0,5.65,10.93,10.93,20.82,2.28,8.65,4.1,1.96,30.0,10.93,,2.28
ACW0551840,Condutor De Sementes Para Sensor,under_review,MLB456879,20.38,2.45,12.0,6.85,11.08,17.93,20.82,3.73,14.2,9.15,2.21,20.0,17.93,,-3.12
CQ54137,Condutor John Deere,active,MLB456879,18.55,2.23,12.0,6.05,10.27,10.27,20.82,2.14,8.13,4.5,1.19,30.0,10.27,,2.14
AA67780,Condutor John Deere Acrilico,active,MLB456879,55.04,6.6,12.0,8.25,40.19,41.48,20.82,8.64,32.84,19.5,3.49,30.0,41.48,,7.35
CQ73378,Condutor Plantadeira John Deere,active,MLB456879,20.46,2.46,12.0,7.15,10.85,11.8,20.82,2.46,9.34,4.67,1.9520000000000002,30.0,11.95,unitário derivado do KIT30,1.51
33070004,Condutor Reto De Sementes,under_review,MLB456879,16.34,1.96,12.0,6.05,8.33,14.38,20.82,2.99,11.39,6.44,2.67,20.0,14.38,,-3.06
A75169,Conexão Pipoqueira Plantadeira A Vácuo John Deere A75169,active,MLB456879,16.74,2.01,12.0,5.65,9.08,9.08,20.82,1.89,7.19,4.5,0.53,30.0,9.08,,1.89
ACX3454710,Conjunto Montado Reservatório De Sementes Mecânico,active,MLB456879,165.92,19.91,12.0,26.35,119.66,119.66,20.82,24.91,94.75,35.74,40.06,20.0,119.66,,24.91
IPCX03007010,Dedo Molinete Gts,under_review,MLB1893,5.87,3.63,61.8,2.94,-0.7,7.04,20.82,1.47,5.57,3.35,0.9970000000000001,30.0,7.84,unitário derivado do KIT20,-6.27
KK31823,Dedo Recolhedor Algodão Grande,active,MLB456878,364.38,32.79,9.0,29.25,302.34,302.33,20.82,62.95,239.38,140.0,27.57,30.0,302.33,,62.96
KK31824,Dedo Recolhedor Algodão Médio John Deere Kk31824,active,MLB456878,283.61,25.52,9.0,27.05,231.04,231.03,20.82,48.1,182.93,110.0,18.05,30.0,231.03,,48.11
KK31825,Dedo Recolhedor Algodão Pequeno,active,MLB456878,235.42,21.19,9.0,21.65,192.58,192.58,20.82,40.1,152.48,90.0,16.74,30.0,192.58,,40.1
H-102724,Dedo Retratil Jd Quadrado,active,MLB456878,17.51,1.58,9.0,5.95,9.98,9.98,20.82,2.08,7.9,5.0,0.53,30.0,9.98,,2.08
4383934M4,Dobradiça Direita Inferior Massey Ferguson 4383934m4,active,MLB457094,47.98,5.76,12.0,7.35,34.87,34.87,20.82,7.26,27.61,20.01,2.08,20.0,34.87,,7.26
4383927M4,Dobradiça Esquerda Inferior,active,MLB457094,47.41,5.69,12.0,6.85,34.87,34.87,20.82,7.26,27.61,20.01,2.08,20.0,34.87,,7.26
A71321,Engate Condutor Jd,active,MLB456879,17.3,2.08,12.0,5.95,9.27,9.27,20.82,1.93,7.34,4.5,0.64,30.0,9.27,,1.93
A74430,Engate Hidráulico Rápido Plantadeira John Deere A74430,active,MLB456879,43.06,5.17,12.0,7.15,30.74,30.74,20.82,6.4,24.34,15.0,2.04,30.0,30.74,,6.4
APP141207,Gps Agrícola Gr200,active,MLB456814,6536.8,653.68,10.0,21.65,5861.47,5861.47,20.82,1220.36,4641.11,4100.0,77.0,10.0,5861.47,,1220.36
APP141165,Kit De Iluminação Noturna Pulverização,under_review,MLB458266,1549.24,185.91,12.0,29.25,1334.08,1334.08,20.82,277.76,1056.32,890.0,60.69,10.0,1334.08,,277.76
ACX310603A,Manípulo Pneumático Agco Acx310603a,active,MLB456879,15.88,1.91,12.0,6.05,7.92,7.92,20.82,1.65,6.27,4.53,0.49,20.0,7.92,,1.65
APP142398,Monitor De Fluxo De Sementes App500,active,MLB442421,12297.55,1414.22,11.5,23.25,10860.08,10860.08,20.82,2261.07,8599.01,7700.0,39.11,10.0,10860.08,,2261.07
A72758,Peneira Mini Hooper,active,MLB456879,19.13,2.3,12.0,6.95,9.88,10.88,20.82,2.27,8.61,5.6,0.43,30.0,10.88,,1.27
8031-4008,Ponteira Bico,active,MLB456878,56.36,5.07,9.0,8.15,43.14,44.43,20.82,9.25,35.18,21.43692,3.19,30.0,44.43,,7.96
APP142229,Sensor De Semente,active,MLB446798,315.29,37.83,12.0,25.55,251.91,251.9,20.82,52.45,199.45,140.0,25.55,17.0,251.9,,52.46
ACX3266690,Suporte Do Dosador Plantadeira Momentum Agco Acx3266690,active,MLB456879,238.96,28.68,12.0,24.45,185.83,185.83,20.82,38.69,147.14,100.96,16.75,20.0,185.83,,38.69
N276747,Tampa Algodão,under_review,MLB456878,21.73,1.96,9.0,6.85,12.92,19.77,20.82,4.12,15.65,9.9,1.06,30.0,19.77,,-2.73
ACX283890A,Vedação Tubo De Ar,active,MLB456879,47.77,5.73,12.0,6.95,35.09,35.08,20.82,7.3,27.78,20.14,2.08,20.0,35.08,,7.31
