alvo,base,categoria,comissao,frete_vendedor,id,liquido,ml_hoje,obs,pct,preco,sku,titulo
105.23,pcm,MLB269724,19.89,16.95,MLB7006148386,105.23,132.9,,0.14,142.07,A56254,Aro Tampa Reservatorio Central De Sementes
332.17,pcm,MLB264319,42.43,25.45,MLB7006136330,336.21,419.51,,0.115,404.09,8031-4009,Bico Central 45/50
10.36,pcm,MLB456879,1.5,0.0,MLB7006136332,11.01,13.08,,0.12,12.51,6424-4028,Bocal Pipoqueira
2315.88,pcm,MLB457278,321.37,40.85,MLB7006196934,2315.89,2924.82,,0.12,2678.11,5.1305.0565077,Bomba Hidráulica John Deere A-005
,,,,,MLB7006136172,,1819.36,sem linha na planilha,,,5.0209.0547219,
1968.44,pcm,MLB457278,275.34,50.75,MLB7006136166,1968.45,2486.03,,0.12,2294.54,5.0220.0547216,Bomba Hidráulica Massey Ferguson 296-4/297-4/299-4
1423.38,pcm,MLB457278,305.74,69.35,MLB7006110900,1423.38,1797.64,,0.17,1798.47,5.0220.0547202,Bomba Hidráulica Valtra-valmet 62/65/68/85/86/88/78el
2.64,pcm,MLB442368,4.3,0.0,MLB7006148428,2.65,3.34,,0.12,6.95,6117-4142,Bucha Do Mancal Pantografico
64.13,pcm,MLB3843,9.58,0.0,MLB7006148392,64.14,80.99,,0.13,73.72,CQ59313,Caixa De Sementes Mini Hooper
17.38,pcm,MLB456879,2.37,0.0,MLB7006136350,17.38,21.95,,0.12,19.75,6424-4013,Condutor Adubo Disco Duplo
14.2,pcm,MLB456879,1.94,0.0,MLB7006148324,14.2,17.93,,0.12,16.14,ACW0551840,Condutor De Sementes Para Sensor
8.66,pcm,MLB456879,1.5,0.0,MLB7006197032,11.01,10.93,,0.12,12.51,CQ65827,Condutor Jd
8.13,pcm,MLB456879,1.5,0.0,MLB7006111040,11.01,10.27,,0.12,12.51,CQ54137,Condutor John Deere
32.84,pcm,MLB456879,4.48,0.0,MLB7006111042,32.84,41.48,,0.12,37.32,AA67780,Condutor John Deere Acrilico
9.46,pcm,MLB456879,1.5,0.0,MLB7006111044,11.01,11.8,unitário derivado do KIT30,0.12,12.51,CQ73378,Condutor Plantadeira John Deere
11.39,pcm,MLB456879,1.55,0.0,MLB7006110956,11.4,14.38,,0.12,12.95,33070004,Condutor Reto De Sementes
7.19,pcm,MLB456879,1.5,0.0,MLB7006136312,11.01,9.08,,0.12,12.51,A75169,Conexão Pipoqueira Jd
94.75,pcm,MLB456879,15.75,20.75,MLB7006196966,94.75,119.66,,0.12,131.25,ACX3454710,Conjunto Montado Reservatório De Sementes Mecânico
6.21,pcm,MLB1893,1.5,0.0,MLB7006111104,11.01,5.87,unitário derivado do KIT20; status under_review (preço pode ser bloqueado),0.12,12.51,IPCX03007010,Dedo Molinete Gts
239.39,pcm,MLB456878,26.57,29.25,MLB7006111008,239.39,302.33,,0.09,295.21,KK31823,Dedo Recolhedor Algodão Grande
182.93,pcm,MLB456878,20.77,27.05,MLB7006136280,182.93,231.03,,0.09,230.75,KK31824,Dedo Recolhedor Algodão Médio
152.49,pcm,MLB1893,23.76,21.75,MLB7006136286,152.49,192.58,,0.12,198.0,KK31825,Dedo Recolhedor Algodão Pequeno
7.9,pcm,MLB456878,1.13,0.0,MLB7006136266,11.38,9.98,,0.09,12.51,H-102724,Dedo Retratil Jd Quadrado
27.61,pcm,MLB258446,3.59,0.0,MLB7006148366,27.61,34.87,,0.115,31.2,4383934M4,Dobradiça Direita Inferior
27.61,pcm,MLB258446,3.59,0.0,MLB7006197008,27.61,34.87,,0.115,31.2,4383927M4,Dobradiça Esquerda Inferior
7.34,pcm,MLB456879,1.5,0.0,MLB7006111054,11.01,9.27,,0.12,12.51,A71321,Engate Condutor Jd
24.34,pcm,MLB431315,3.32,0.0,MLB7006111068,24.34,30.74,,0.12,27.66,A74430,Engate Hidr. Rapido
4641.11,pcm,MLB456814,518.08,21.65,MLB7006148300,4641.12,5861.47,,0.1,5180.85,APP141207,Gps Agrícola Gr200
1056.32,pcm,MLB456879,148.03,29.25,MLB7006148304,1056.33,1334.08,,0.12,1233.61,APP141165,Kit De Iluminação Noturna Pulverização
6.28,pcm,MLB277429,1.44,0.0,MLB7006148336,11.07,7.92,,0.115,12.51,ACX310603A,Manípulo Pneumático
8599.01,pcm,MLB442421,1120.41,23.25,MLB7006148312,8599.01,10860.08,,0.115,9742.67,APP142398,Monitor De Fluxo De Sementes App500
8.61,pcm,MLB193615,1.44,0.0,MLB7006111058,11.07,10.88,,0.115,12.51,A72758,Peneira Mini Hooper
35.18,pcm,MLB271531,4.8,0.0,MLB7006111084,35.18,44.43,,0.12,39.98,8031-4008,Ponteira Bico
199.46,pcm,MLB446798,30.68,25.55,MLB7006111134,199.47,251.9,,0.12,255.7,APP142229,Sensor De Semente
147.14,pcm,MLB456879,22.98,21.35,MLB7006148318,147.14,185.83,,0.12,191.47,ACX3266690,Suporte Do Dosador
15.66,pcm,MLB388606,2.14,0.0,MLB7006148380,15.66,19.77,,0.12,17.8,N276747,Tampa Algodão
27.77,pcm,MLB431759,3.79,0.0,MLB7006148332,27.77,35.08,status under_review (preço pode ser bloqueado),0.12,31.56,ACX283890A,Vedação Tubo De Ar
