severidade,check,aba,linha,sku,produto,handle,detalhe,esperado,atual
ALTA,CONFORMIDADE,04_ APPTECH,10,APP140012,Sensor de Levante Corrente - APP | Precision Planting PM400,sensor-de-levante-corrente-app-precision-planting-pm400,resíduo do rebrand Greco→APP,,
ALTA,CONFORMIDADE,04_ APPTECH,9,APP140682,Sensor de Levante Haste - APP | Precision Planting PM400,sensor-de-levante-haste-app-precision-planting-pm400,resíduo do rebrand Greco→APP,,
ALTA,CONFORMIDADE,04_ APPTECH,8,APP140990,Kit Ponta de Cerca 30 Metros - APP,kit-ponta-de-cerca-30-metros-app,resíduo do rebrand Greco→APP,,
ALTA,CONFORMIDADE,04_ APPTECH,7,APP141165,Kit de Iluminação Noturna Pulverização - APP,kit-de-iluminacao-noturna-pulverizacao-app,resíduo do rebrand Greco→APP,,
ALTA,CONFORMIDADE,04_ APPTECH,6,APP141207,GPS Agrícola APP200 - APP | Navegação de Precisão,gps-agricola-app200-navegacao-de-precisao,resíduo do rebrand Greco→APP,,
ALTA,CONFORMIDADE,04_ APPTECH,12,APP142226,"Sensor de Fluxo 25,4mm - APP | Precision Planting PM400",sensor-de-fluxo-25-4mm-app-precision-planting-pm400,resíduo do rebrand Greco→APP,,
ALTA,CONFORMIDADE,04_ APPTECH,13,APP142227,Sensor de Fluxo 32mm - APP | Precision Planting PM400,sensor-de-fluxo-32mm-app-precision-planting-pm400,resíduo do rebrand Greco→APP,,
ALTA,CONFORMIDADE,04_ APPTECH,14,APP142228,"Sensor de Fluxo 50,8mm - APP | Precision Planting PM400",sensor-de-fluxo-50-8mm-app-precision-planting-pm400,resíduo do rebrand Greco→APP,,
ALTA,CONFORMIDADE,04_ APPTECH,15,APP142229,Sensor de Semente - APP | Precision Planting PM400,sensor-de-semente-app-precision-planting-pm400,resíduo do rebrand Greco→APP,,
ALTA,CONFORMIDADE,04_ APPTECH,11,APP142398,Monitor de Fluxo de Sementes APP500 - APP,monitor-de-fluxo-de-sementes-app500,resíduo do rebrand Greco→APP,,
ALTA,ESTOQUE_ZERO,08_FERTISYSTEM,10,200201007,Anel Trava — Fertisystem 200201007,anel-trava-fertisystem-200201007,estoque 0 → o tema esconde preço e carrinho ('Sob Consulta'),50,0
ALTA,ESTOQUE_ZERO,08_FERTISYSTEM,11,200201007-KIT25,Anel Trava — Kit 25 Unidades — Fertisystem 200201007,anel-trava-kit-25-unidades-fertisystem-200201007,estoque 0 → o tema esconde preço e carrinho ('Sob Consulta'),50,0
ALTA,ESTOQUE_ZERO,08_FERTISYSTEM,6,200201008,Tampa Transversal — Fertisystem 200201008,tampa-transversal-fertisystem-200201008,estoque 0 → o tema esconde preço e carrinho ('Sob Consulta'),50,0
ALTA,ESTOQUE_ZERO,08_FERTISYSTEM,7,200201008-KIT25,Tampa Transversal — Kit 25 Unidades — Fertisystem 200201008,tampa-transversal-kit-25-unidades-fertisystem-200201008,estoque 0 → o tema esconde preço e carrinho ('Sob Consulta'),50,0
ALTA,ESTOQUE_ZERO,08_FERTISYSTEM,12,200201012,Pinhão — Fertisystem 200201012,pinhao-fertisystem-200201012,estoque 0 → o tema esconde preço e carrinho ('Sob Consulta'),50,0
ALTA,ESTOQUE_ZERO,08_FERTISYSTEM,13,200201012-KIT25,Pinhão — Kit 25 Unidades — Fertisystem 200201012,pinhao-kit-25-unidades-fertisystem-200201012,estoque 0 → o tema esconde preço e carrinho ('Sob Consulta'),50,0
ALTA,ESTOQUE_ZERO,08_FERTISYSTEM,8,200201014,Bocal — Fertisystem 200201014,bocal-fertisystem-200201014,estoque 0 → o tema esconde preço e carrinho ('Sob Consulta'),50,0
ALTA,ESTOQUE_ZERO,08_FERTISYSTEM,9,200201014-KIT25,Bocal — Kit 25 Unidades — Fertisystem 200201014,bocal-kit-25-unidades-fertisystem-200201014,estoque 0 → o tema esconde preço e carrinho ('Sob Consulta'),50,0
ALTA,ESTOQUE_ZERO,08_FERTISYSTEM,14,200201038,Eixo — Fertisystem 200201038,eixo-fertisystem-200201038,estoque 0 → o tema esconde preço e carrinho ('Sob Consulta'),50,0
ALTA,ESTOQUE_ZERO,08_FERTISYSTEM,15,200201038-KIT25,Eixo — Kit 25 Unidades — Fertisystem 200201038,eixo-kit-25-unidades-fertisystem-200201038,estoque 0 → o tema esconde preço e carrinho ('Sob Consulta'),50,0
ALTA,ESTOQUE_ZERO,08_FERTISYSTEM,16,6006010001,Arruela de Vedação — Fertisystem 6006010001,arruela-de-vedacao-fertisystem-6006010001,estoque 0 → o tema esconde preço e carrinho ('Sob Consulta'),50,0
ALTA,ESTOQUE_ZERO,08_FERTISYSTEM,17,6006010001-KIT25,Arruela de Vedação — Kit 25 Unidades — Fertisystem 6006010001,arruela-de-vedacao-kit-25-unidades-fertisystem-6006010001,estoque 0 → o tema esconde preço e carrinho ('Sob Consulta'),50,0
ALTA,ESTOQUE_ZERO,03_AGCO,53,APP00001,Roda Compactadora - Kit 1 Unidade,roda-compactadora-kit-1-unidade,estoque 0 → o tema esconde preço e carrinho ('Sob Consulta'),50,0
ALTA,ESTOQUE_ZERO,03_AGCO,52,APP00001-KIT10,Roda Compactadora — Kit 10 Unidades — APP00001,roda-compactadora-kit-10-unidades-app00001,estoque 0 → o tema esconde preço e carrinho ('Sob Consulta'),50,0
ALTA,PESO_AUSENTE,,,,Tampa de abastecimento 255 mm (Respiro),tampa-de-abastecimento-255-mm-respiro,produto ativo sem peso → frete de saída não calcula no checkout,,
ALTA,PESO_AUSENTE,,,5.0209.0547219,Bomba Hidráulica John Deere Colhedeira 1150/1165/1185/7300/7500/8500,bomba-hidraulica-john-deere-colhedeira-1150-1165-1185-7300-7500-8500-boi-11-b9-p4-a42,produto ativo sem peso → frete de saída não calcula no checkout,,
ALTA,SEM_SKU,,,,Tampa de abastecimento 255 mm (Respiro),tampa-de-abastecimento-255-mm-respiro,variante sem SKU — não casa com planilha/Tiny/ML nem com o feed do Google,,
MEDIA,IMAGEM_PROVISORIA,08_FERTISYSTEM,10,200201007,Anel Trava — Fertisystem 200201007,anel-trava-fertisystem-200201007,usando a capa padrão sem foto da peça,,
MEDIA,IMAGEM_PROVISORIA,08_FERTISYSTEM,11,200201007-KIT25,Anel Trava — Kit 25 Unidades — Fertisystem 200201007,anel-trava-kit-25-unidades-fertisystem-200201007,usando a capa padrão sem foto da peça,,
MEDIA,IMAGEM_PROVISORIA,08_FERTISYSTEM,6,200201008,Tampa Transversal — Fertisystem 200201008,tampa-transversal-fertisystem-200201008,usando a capa padrão sem foto da peça,,
MEDIA,IMAGEM_PROVISORIA,08_FERTISYSTEM,7,200201008-KIT25,Tampa Transversal — Kit 25 Unidades — Fertisystem 200201008,tampa-transversal-kit-25-unidades-fertisystem-200201008,usando a capa padrão sem foto da peça,,
MEDIA,IMAGEM_PROVISORIA,08_FERTISYSTEM,12,200201012,Pinhão — Fertisystem 200201012,pinhao-fertisystem-200201012,usando a capa padrão sem foto da peça,,
MEDIA,IMAGEM_PROVISORIA,08_FERTISYSTEM,13,200201012-KIT25,Pinhão — Kit 25 Unidades — Fertisystem 200201012,pinhao-kit-25-unidades-fertisystem-200201012,usando a capa padrão sem foto da peça,,
MEDIA,IMAGEM_PROVISORIA,08_FERTISYSTEM,8,200201014,Bocal — Fertisystem 200201014,bocal-fertisystem-200201014,usando a capa padrão sem foto da peça,,
MEDIA,IMAGEM_PROVISORIA,08_FERTISYSTEM,9,200201014-KIT25,Bocal — Kit 25 Unidades — Fertisystem 200201014,bocal-kit-25-unidades-fertisystem-200201014,usando a capa padrão sem foto da peça,,
MEDIA,IMAGEM_PROVISORIA,08_FERTISYSTEM,14,200201038,Eixo — Fertisystem 200201038,eixo-fertisystem-200201038,usando a capa padrão sem foto da peça,,
MEDIA,IMAGEM_PROVISORIA,08_FERTISYSTEM,15,200201038-KIT25,Eixo — Kit 25 Unidades — Fertisystem 200201038,eixo-kit-25-unidades-fertisystem-200201038,usando a capa padrão sem foto da peça,,
MEDIA,IMAGEM_PROVISORIA,02_SOHIPREN,285,5.0209.L026780.0,Bomba Hidráulica 19 Direção e Transmissão - Trator New Holland (B15.B14.B19.D5),boi-19-b15-b14-b19-d5-24-150-bar-5-0209-l026780-0,usando a imagem genérica de bomba ('meramente ilustrativa'),,
MEDIA,IMAGEM_PROVISORIA,02_SOHIPREN,243,5.0211.L026819.0,Bomba Hidráulica 26 - Trator Case/New Holland (E18.C22.A119.D6),boi-26-e18-c22-a119-d6-25-180-bar-5-0211-l026819-0,usando a imagem genérica de bomba ('meramente ilustrativa'),,
MEDIA,IMAGEM_PROVISORIA,02_SOHIPREN,244,5.0211.L026849.0,Bomba Hidráulica 26 Auxiliar e Direção - Trator New Holland (E18.C22.A119.D11),boi-26-e18-c22-a119-d11-25-000-bar-new-holland-5-0211-l026849-0,usando a imagem genérica de bomba ('meramente ilustrativa'),,
MEDIA,IMAGEM_PROVISORIA,02_SOHIPREN,252,5.0211.L027018.0,Bomba Hidráulica 25 Levante - Trator New Holland (B107.B20.B118),boi-25-b107-b20-b118-l-5-0211-l027018-0,usando a imagem genérica de bomba ('meramente ilustrativa'),,
MEDIA,IMAGEM_PROVISORIA,02_SOHIPREN,786,5.0220.0547207.0,Bomba Hidráulica Massey Ferguson MF290/292 4x4 - Principal e Direção,bomba-hidraulica-massey-ferguson-mf290-292-4x2-4x4-boi-7-b11-c11-a15-11-a42-l1,usando a imagem genérica de bomba ('meramente ilustrativa'),,
MEDIA,IMAGEM_PROVISORIA,02_SOHIPREN,18,5.0220.0548817.0,Bomba Hidráulica Massey Ferguson 283/290/292/L5000 - Direção e Levante,bomba-hidraulica-massey-ferguson-283-290-292-l5000-boi-7-b11-c12-a-11-a-l,usando a imagem genérica de bomba ('meramente ilustrativa'),,
MEDIA,IMAGEM_PROVISORIA,02_SOHIPREN,233,5.0220.0548911.0,Bomba Hidráulica 19 Principal - Trator New Holland TL75E (E5.P.B2/14),boi-19-e5-p-b2-14-b2-l-ambos-cpos-invertidos-5-0220-0548911-0,usando a imagem genérica de bomba ('meramente ilustrativa'),,
MEDIA,IMAGEM_PROVISORIA,02_SOHIPREN,23,5.0220.0548917.0,"Bomba Hidráulica 16 Principal e Direção - Trator Valtra (E2.B8.B2/14, Placa H15)",boi-16-e2-b8-b2-14-b2-l-placa-h15-5-0220-0548917-0,usando a imagem genérica de bomba ('meramente ilustrativa'),,
MEDIA,IMAGEM_PROVISORIA,02_SOHIPREN,975,5.0220.L025598.0,Bomba Hidráulica 26 Principal - Trator Valtra-Valmet (E2.B8.B110/16),boi-26-e2-b8-b110-16-b2-l-5-0220-l025598-0,usando a imagem genérica de bomba ('meramente ilustrativa'),,
MEDIA,IMAGEM_PROVISORIA,02_SOHIPREN,24,5.0220.L026997.0,"Bomba Hidráulica 22,5 Principal - Trator Valtra (E2.B8.B112/16.B4/16)",boi-22-5-e2-b8-b112-16-b4-16-b4-l-5-0220-l026997-0,usando a imagem genérica de bomba ('meramente ilustrativa'),,
MEDIA,IMAGEM_PROVISORIA,02_SOHIPREN,259,5.1301.0565054.0,Bomba de Aplicação New Holland A-047 (47439228) Giro D - 5.1301.0565054.0,bomba-aplicacion-cnh-a-047-47439228-giro-d-prototipo-5-1301-0565054-0,usando a imagem genérica de bomba ('meramente ilustrativa'),,
MEDIA,IMAGEM_PROVISORIA,02_SOHIPREN,256,5.1301.0565055.0,Bomba de Aplicação New Holland A-048 (47441313) Giro I - 5.1301.0565055.0,bomba-aplicacion-cnh-a-048-47441313-giro-i-prototipo-5-1301-0565055-0,usando a imagem genérica de bomba ('meramente ilustrativa'),,
MEDIA,IMAGEM_PROVISORIA,02_SOHIPREN,776,5.1302.0565086.0,Bomba de Aplicação Massey Ferguson A-021 (ACX3124760) Giro I - 5.1302.0565086.0,bomba-aplicacion-mf-a-021-acx3124760-giro-i-5-1302-0565086-0,usando a imagem genérica de bomba ('meramente ilustrativa'),,
MEDIA,IMAGEM_PROVISORIA,02_SOHIPREN,777,5.1302.0565087.0,Bomba de Aplicação Massey Ferguson A-022 (ACX3124770) Giro I - 5.1302.0565087.0,bomba-aplicacion-mf-a-022-acx3124770-giro-i-5-1302-0565087-0,usando a imagem genérica de bomba ('meramente ilustrativa'),,
MEDIA,IMAGEM_PROVISORIA,02_SOHIPREN,778,5.1302.0565088.0,Bomba de Aplicação Massey Ferguson A-601 (ACX3125900) Giro I - 5.1302.0565088.0,bomba-aplicacion-mf-a-601-acx3125900-giro-i-5-1302-0565088-0,usando a imagem genérica de bomba ('meramente ilustrativa'),,
MEDIA,IMAGEM_PROVISORIA,02_SOHIPREN,779,5.1302.0565089.0,Bomba de Aplicação Massey Ferguson A-024 (ACX3125910) Giro I - 5.1302.0565089.0,bomba-aplicacion-mf-a-024-acx3125910-giro-i-5-1302-0565089-0,usando a imagem genérica de bomba ('meramente ilustrativa'),,
MEDIA,IMAGEM_PROVISORIA,02_SOHIPREN,15,5.1302.0565120.0,Motor de Aplicação Massey Ferguson A-026 (ACX4630870) Giro D - 5.1302.0565120.0,motor-aplicacion-mf-a-026-acx4630870-giro-d-5-1302-0565120-0,usando a imagem genérica de bomba ('meramente ilustrativa'),,
MEDIA,IMAGEM_PROVISORIA,02_SOHIPREN,14,5.1302.0565122.0,Bomba de Aplicação Massey Ferguson A-028 (ACX5148180) Giro I - 5.1302.0565122.0,bomba-aplicacion-mf-a-028-acx5148180-giro-i-prototipo-5-1302-0565122-0,usando a imagem genérica de bomba ('meramente ilustrativa'),,
MEDIA,IMAGEM_PROVISORIA,02_SOHIPREN,782,5.1302.L027041.0,Bomba de Aplicação MF-AX (ACW6839870) Giro I - 5.1302.L027041.0,bomba-aplicacion-mf-ax-acw6839870-giro-i-5-1302-l027041-0,usando a imagem genérica de bomba ('meramente ilustrativa'),,
MEDIA,IMAGEM_PROVISORIA,02_SOHIPREN,677,5.1305.0565032.0,Bomba de Aplicação John Deere A-001 (RE223233) Giro I - 5.1305.0565032.0,bomba-aplicacion-jd-a-001-re223233-giro-i-5-1305-0565032-0,usando a imagem genérica de bomba ('meramente ilustrativa'),,
MEDIA,IMAGEM_PROVISORIA,02_SOHIPREN,697,5.1305.0565115.0,Bomba de Aplicação JD (AL200830) Giro D - 5.1305.0565115.0,bomba-aplicacion-jd-al200830-giro-d-5-1305-0565115-0,usando a imagem genérica de bomba ('meramente ilustrativa'),,
MEDIA,IMAGEM_PROVISORIA,02_SOHIPREN,666,5.1621.0670036.1,Motor Hidráulico MLSW 395 - John Deere CB11480557 | Colhedora de Cana,motor-mlsw-395-john-deere-cb11480557-5-1621-0670036-1,usando a imagem genérica de bomba ('meramente ilustrativa'),,
MEDIA,IMAGEM_PROVISORIA,02_SOHIPREN,667,5.1621.0670037.1,Motor Hidráulico MLSW 80 - John Deere CB11480555 | Colhedora de Cana,motor-mlsw-80-john-deere-cb11480555-5-1621-0670037-1,usando a imagem genérica de bomba ('meramente ilustrativa'),,
MEDIA,IMAGEM_PROVISORIA,02_SOHIPREN,668,5.1621.0670038.1,Motor Hidráulico MLSW 305 - John Deere CB11480558 | Colhedora de Cana,motor-mlsw-305-john-deere-cb11480558-5-1621-0670038-1,usando a imagem genérica de bomba ('meramente ilustrativa'),,
MEDIA,IMAGEM_PROVISORIA,02_SOHIPREN,669,5.1621.0670039.1,Motor Hidráulico MLSW 395 - John Deere CB11480559 | Colhedora de Cana,motor-mlsw-395-john-deere-cb11480559-5-1621-0670039-1,usando a imagem genérica de bomba ('meramente ilustrativa'),,
MEDIA,IMAGEM_PROVISORIA,02_SOHIPREN,670,5.1621.0670040.1,Motor Hidráulico MLSW 495 - John Deere CB11480560 | Colhedora de Cana,motor-mlsw-495-john-deere-cb11480560-5-1621-0670040-1,usando a imagem genérica de bomba ('meramente ilustrativa'),,
MEDIA,IMAGEM_PROVISORIA,02_SOHIPREN,13,5.1621.0680005.0,Motor Hidráulico MLR 160 - Plantadeira AGCO (C3.C2.P5),mlr-160-c3-c2-p5-5-1621-0680005-0,usando a imagem genérica de bomba ('meramente ilustrativa'),,
MEDIA,IMAGEM_PROVISORIA,02_SOHIPREN,195,5.5210.L011190.0,"Motor Hidráulico do Ventilador MUI BO 22,5 - Pá Carregadeira Case/New Holland",mui-bo-22-5-b101-c106-c105-m105-5-5210-l011190-0,usando a imagem genérica de bomba ('meramente ilustrativa'),,
MEDIA,IMAGEM_PROVISORIA,02_SOHIPREN,189,5.5211.L026234.0,Motor Hidráulico da Hélice MRBO 26 - Case 845B/865B/885B,mrbo-26-b100-c-c43-l10-5-5211-l026234-0,usando a imagem genérica de bomba ('meramente ilustrativa'),,
MEDIA,IMAGEM_PROVISORIA,08_FERTISYSTEM,16,6006010001,Arruela de Vedação — Fertisystem 6006010001,arruela-de-vedacao-fertisystem-6006010001,usando a capa padrão sem foto da peça,,
MEDIA,IMAGEM_PROVISORIA,08_FERTISYSTEM,17,6006010001-KIT25,Arruela de Vedação — Kit 25 Unidades — Fertisystem 6006010001,arruela-de-vedacao-kit-25-unidades-fertisystem-6006010001,usando a capa padrão sem foto da peça,,
MEDIA,IMAGEM_PROVISORIA,03_AGCO,47,6237989M1,Corpo Bico 1 Polegada e Saídas - AGCO 6237989M1,corpo-bico-1pol-e-saidas-agco-6237989m1,foto de celular / screenshot como imagem de catálogo,,
MEDIA,IMAGEM_PROVISORIA,03_AGCO,48,6237989M1-KIT10,Corpo Bico 1 Polegada e Saídas - Kit 10 Unidades - AGCO 6237989M1,corpo-bico-1pol-e-saidas-kit-10-unidades-agco-6237989m1,foto de celular / screenshot como imagem de catálogo,,
MEDIA,IMAGEM_PROVISORIA,06_STARA,6,6424-4005,Acabamento Lateral do Reservatório de Sementes - Stara 6424-4005 | Plantadeira Estrela,acabamento-lateral-reservatorio-de-sementes-6424-4005,usando a capa padrão sem foto da peça,,
MEDIA,IMAGEM_PROVISORIA,06_STARA,7,6424-4005-KIT50,Acabamento Lateral do Reservatório de Sementes - Kit 50 Unidades - Stara 6424-4005,acabamento-lateral-reservatorio-de-sementes-kit-50-unidades-stara-6424-4005,usando a capa padrão sem foto da peça,,
MEDIA,IMAGEM_PROVISORIA,06_STARA,33,8031-4008,Ponteira do Bico - Stara 8031-4008 | Plataforma de Milho Brava,ponteira-bico-8031-4008,foto de celular / screenshot como imagem de catálogo,,
MEDIA,IMAGEM_PROVISORIA,06_STARA,34,8031-4008-KIT10,Ponteira do Bico - Kit 10 Unidades - Stara 8031-4008,ponteira-bico-kit-10-unidades-stara-8031-4008,foto de celular / screenshot como imagem de catálogo,,
MEDIA,IMAGEM_PROVISORIA,06_STARA,10,8031-4009,Bico Central 45/50 - Stara 8031-4009 | Plataforma de Milho Brava,bico-central-45-50-8031-4009,foto de celular / screenshot como imagem de catálogo,,
MEDIA,IMAGEM_PROVISORIA,03_AGCO,13,ACX2719210,Conjunto Montado Joelho - AGCO ACX2719210,cj-montado-joelho-agco-acx2719210,foto de celular / screenshot como imagem de catálogo,,
MEDIA,IMAGEM_PROVISORIA,03_AGCO,14,ACX2719210-KIT30,Conjunto Montado Joelho - Kit 30 Unidades - AGCO ACX2719210,cj-montado-joelho-kit-30-unidades-agco-acx2719210,foto de celular / screenshot como imagem de catálogo,,
MEDIA,IMAGEM_PROVISORIA,03_AGCO,9,ACX2865730-KIT60,Tampa do Módulo SRM - Kit 60 Unidades - AGCO ACX2865730,tampa-do-modulo-srm-kit-60-unidades-agco-acx2865730,usando a capa padrão sem foto da peça,,
MEDIA,IMAGEM_PROVISORIA,03_AGCO,42,ACX3473430,Tampa Maior do Tubo - AGCO ACX3473430,tampa-maior-do-tubo-agco-acx3473430,foto de celular / screenshot como imagem de catálogo,,
MEDIA,IMAGEM_PROVISORIA,03_AGCO,43,ACX3473430-KIT40,Tampa Maior do Tubo - Kit 40 Unidades - AGCO ACX3473430,tampa-maior-do-tubo-kit-40-unidades-agco-acx3473430,foto de celular / screenshot como imagem de catálogo,,
MEDIA,KIT_MAIS_CARO,03_AGCO,51,ACX3601860-KIT25,Copo Venturi - Kit 25 Unidades - AGCO ACX3601860,copo-venturi-kit-25-unidades-agco-acx3601860,kit de 25 sai mais caro que 25 avulsos (+3.1%),≤ 404.50,416.87
MEDIA,KIT_MAIS_CARO,03_AGCO,50,ACX363311B-KIT25,Copo Venturi B - Kit 25 Unidades - AGCO ACX363311B,copo-venturi-b-kit-25-unidades-agco-acx363311b,kit de 25 sai mais caro que 25 avulsos (+0.9%),≤ 368.50,371.86
MEDIA,KIT_MAIS_CARO,03_AGCO,49,ACX363311C-KIT25,Copo Venturi C - Kit 25 Unidades - AGCO ACX363311C,copo-venturi-c-kit-25-unidades-agco-acx363311c,kit de 25 sai mais caro que 25 avulsos (+0.9%),≤ 368.50,371.86
MEDIA,ORFAO_NO_SITE,,,,Tampa de abastecimento 255 mm (Respiro),tampa-de-abastecimento-255-mm-respiro,produto ativo no site sem linha ativa correspondente na planilha,,
MEDIA,ORFAO_NO_SITE,,,5.0209.0547219,Bomba Hidráulica John Deere Colhedeira 1150/1165/1185/7300/7500/8500,bomba-hidraulica-john-deere-colhedeira-1150-1165-1185-7300-7500-8500-boi-11-b9-p4-a42,produto ativo no site sem linha ativa correspondente na planilha,,
MEDIA,ORFAO_NO_SITE,,,ACX2865730,Tampa do Módulo SRM - AGCO ACX2865730 | Monitor de Linhas,tampa-do-modulo-srm-agco-acx2865730-monitor-de-linhas,produto ativo no site sem linha ativa correspondente na planilha,,
MEDIA,ORFAO_NO_SITE,,,APP140990-20M,Kit Ponta de Cerca 20 Metros - APP,kit-ponta-de-cerca-20-metros-app,produto ativo no site sem linha ativa correspondente na planilha,,
MEDIA,ORFAO_NO_SITE,,,CQ73378,Condutor de Sementes - John Deere CQ73378 | Plantadeira,condutor-plantadeira-john-deere-cq73378,produto ativo no site sem linha ativa correspondente na planilha,,
MEDIA,ORFAO_NO_SITE,,,IPCX03007010,Dedo do Molinete - GTS IPCX03007010 | Plataforma de Corte,dedo-molinete-gts-ipcx03007010,produto ativo no site sem linha ativa correspondente na planilha,,
BAIXA,ESTOQUE_FORA_POLITICA,03_AGCO,11,ACX3454710,Conjunto Montado Reservatório de Sementes Mecânico - AGCO ACX3454710,conjunto-montado-reservatorio-de-sementes-mecanico-agco-acx3454710-339174469,fora da política de vitrine (50 peças/kits · 10 bombas e APPTECH),50,51
BAIXA,LINHA_INCOMPLETA,03_AGCO,54,25075701,Telescópico (sem borracha) - Kit 1 Unidade,,linha ativa ignorada pelo pipeline: sem título/custo,,
BAIXA,LINHA_INCOMPLETA,03_AGCO,55,25075701-KIT10,Telescópico (sem borracha) — Kit 10 unidades,,linha ativa ignorada pelo pipeline: sem título/custo,,
BAIXA,LINHA_INCOMPLETA,08_FERTISYSTEM,18,450452029,Revesimento Dosador,,linha ativa ignorada pelo pipeline: sem título/custo,,
BAIXA,LINHA_INCOMPLETA,08_FERTISYSTEM,19,450452029-KIT25,Revesimento Dosador — Kit 25 unidades,,linha ativa ignorada pelo pipeline: sem título/custo,,
BAIXA,LINHA_INCOMPLETA,06_STARA,47,6237989M1,Corpo Bico 1 Polegada e Saídas - AGCO 6237989M1,,linha ativa ignorada pelo pipeline: Fotos: output/fotos_ecommerce_tratemento_v2/STARA_6333-4157_ecommerce.png | DUPLICADO com ,,
BAIXA,LINHA_INCOMPLETA,06_STARA,48,6237989M1-KIT10,Corpo Bico 1 Polegada e Saídas - Kit 10 Unidades - AGCO 6237989M1 — Kit 10 unidades,,linha ativa ignorada pelo pipeline: DUPLICADO com 03_AGCO (canônico lá) — esta linha não sobe no sync,,
BAIXA,METAFIELD_FALTANDO,08_FERTISYSTEM,10,200201007,Anel Trava — Fertisystem 200201007,anel-trava-fertisystem-200201007,metafields agro.* vazios: application,,
BAIXA,METAFIELD_FALTANDO,08_FERTISYSTEM,11,200201007-KIT25,Anel Trava — Kit 25 Unidades — Fertisystem 200201007,anel-trava-kit-25-unidades-fertisystem-200201007,metafields agro.* vazios: application,,
BAIXA,METAFIELD_FALTANDO,08_FERTISYSTEM,6,200201008,Tampa Transversal — Fertisystem 200201008,tampa-transversal-fertisystem-200201008,metafields agro.* vazios: application,,
BAIXA,METAFIELD_FALTANDO,08_FERTISYSTEM,7,200201008-KIT25,Tampa Transversal — Kit 25 Unidades — Fertisystem 200201008,tampa-transversal-kit-25-unidades-fertisystem-200201008,metafields agro.* vazios: application,,
BAIXA,METAFIELD_FALTANDO,08_FERTISYSTEM,12,200201012,Pinhão — Fertisystem 200201012,pinhao-fertisystem-200201012,metafields agro.* vazios: application,,
BAIXA,METAFIELD_FALTANDO,08_FERTISYSTEM,13,200201012-KIT25,Pinhão — Kit 25 Unidades — Fertisystem 200201012,pinhao-kit-25-unidades-fertisystem-200201012,metafields agro.* vazios: application,,
BAIXA,METAFIELD_FALTANDO,08_FERTISYSTEM,8,200201014,Bocal — Fertisystem 200201014,bocal-fertisystem-200201014,metafields agro.* vazios: application,,
BAIXA,METAFIELD_FALTANDO,08_FERTISYSTEM,9,200201014-KIT25,Bocal — Kit 25 Unidades — Fertisystem 200201014,bocal-kit-25-unidades-fertisystem-200201014,metafields agro.* vazios: application,,
BAIXA,METAFIELD_FALTANDO,08_FERTISYSTEM,14,200201038,Eixo — Fertisystem 200201038,eixo-fertisystem-200201038,metafields agro.* vazios: application,,
BAIXA,METAFIELD_FALTANDO,08_FERTISYSTEM,15,200201038-KIT25,Eixo — Kit 25 Unidades — Fertisystem 200201038,eixo-kit-25-unidades-fertisystem-200201038,metafields agro.* vazios: application,,
BAIXA,METAFIELD_FALTANDO,03_AGCO,45,33070004,Condutor Reto de Sementes - AGCO 33070004,condutor-reto-de-sementes-agco-33070004,metafields agro.* vazios: application,,
BAIXA,METAFIELD_FALTANDO,03_AGCO,46,33070004-KIT25,Condutor Reto de Sementes - Kit 25 Unidades - AGCO 33070004,condutor-reto-kit-25-unidades-agco-33070004,metafields agro.* vazios: application,,
BAIXA,METAFIELD_FALTANDO,03_AGCO,21,4383923M4,Dobradiça Esquerda Superior - Massey Ferguson 4383923M4,dobradica-esquerda-superior-massey-ferguson-4383923m4,metafields agro.* vazios: application,,
BAIXA,METAFIELD_FALTANDO,03_AGCO,15,4383927M4,Dobradiça Esquerda Inferior - Massey Ferguson 4383927M4,dobradica-esquerda-inferior-massey-ferguson-4383927m4,metafields agro.* vazios: application,,
BAIXA,METAFIELD_FALTANDO,03_AGCO,16,4383927M4-KIT10,Dobradiça Esquerda Inferior - Kit 10 Unidades - Massey Ferguson 4383927M4,dobradica-esquerda-inferior-kit-10-unidades-agco-4383927m4,metafields agro.* vazios: application,,
BAIXA,METAFIELD_FALTANDO,03_AGCO,38,4383933M4,Dobradiça Direita Superior - Massey Ferguson 4383933M4,dobradica-direita-superior-massey-ferguson-4383933m4,metafields agro.* vazios: application,,
BAIXA,METAFIELD_FALTANDO,03_AGCO,39,4383933M4-KIT10,Dobradiça Direita Superior - Kit 10 Unidades - Massey Ferguson 4383933M4,dobradica-direita-superior-kit-10-unidades-agco-4383933m4,metafields agro.* vazios: application,,
BAIXA,METAFIELD_FALTANDO,03_AGCO,40,4383934M4,Dobradiça Direita Inferior - Massey Ferguson 4383934M4,dobradica-direita-inferior-massey-ferguson-4383934m4,metafields agro.* vazios: application,,
BAIXA,METAFIELD_FALTANDO,03_AGCO,41,4383934M4-KIT10,Dobradiça Direita Inferior - Kit 10 Unidades - Massey Ferguson 4383934M4,dobradica-direita-inferior-kit-10-unidades-agco-4383934m4,metafields agro.* vazios: application,,
BAIXA,METAFIELD_FALTANDO,02_SOHIPREN,243,5.0211.L026819.0,Bomba Hidráulica 26 - Trator Case/New Holland (E18.C22.A119.D6),boi-26-e18-c22-a119-d6-25-180-bar-5-0211-l026819-0,metafields agro.* vazios: application,,
BAIXA,METAFIELD_FALTANDO,02_SOHIPREN,256,5.1301.0565055.0,Bomba de Aplicação New Holland A-048 (47441313) Giro I - 5.1301.0565055.0,bomba-aplicacion-cnh-a-048-47441313-giro-i-prototipo-5-1301-0565055-0,metafields agro.* vazios: application,,
BAIXA,METAFIELD_FALTANDO,02_SOHIPREN,667,5.1621.0670037.1,Motor Hidráulico MLSW 80 - John Deere CB11480555 | Colhedora de Cana,motor-mlsw-80-john-deere-cb11480555-5-1621-0670037-1,metafields agro.* vazios: application,,
BAIXA,METAFIELD_FALTANDO,02_SOHIPREN,668,5.1621.0670038.1,Motor Hidráulico MLSW 305 - John Deere CB11480558 | Colhedora de Cana,motor-mlsw-305-john-deere-cb11480558-5-1621-0670038-1,metafields agro.* vazios: application,,
BAIXA,METAFIELD_FALTANDO,02_SOHIPREN,669,5.1621.0670039.1,Motor Hidráulico MLSW 395 - John Deere CB11480559 | Colhedora de Cana,motor-mlsw-395-john-deere-cb11480559-5-1621-0670039-1,metafields agro.* vazios: application,,
BAIXA,METAFIELD_FALTANDO,02_SOHIPREN,670,5.1621.0670040.1,Motor Hidráulico MLSW 495 - John Deere CB11480560 | Colhedora de Cana,motor-mlsw-495-john-deere-cb11480560-5-1621-0670040-1,metafields agro.* vazios: application,,
BAIXA,METAFIELD_FALTANDO,02_SOHIPREN,13,5.1621.0680005.0,Motor Hidráulico MLR 160 - Plantadeira AGCO (C3.C2.P5),mlr-160-c3-c2-p5-5-1621-0680005-0,metafields agro.* vazios: application,,
BAIXA,METAFIELD_FALTANDO,08_FERTISYSTEM,16,6006010001,Arruela de Vedação — Fertisystem 6006010001,arruela-de-vedacao-fertisystem-6006010001,metafields agro.* vazios: application,,
BAIXA,METAFIELD_FALTANDO,08_FERTISYSTEM,17,6006010001-KIT25,Arruela de Vedação — Kit 25 Unidades — Fertisystem 6006010001,arruela-de-vedacao-kit-25-unidades-fertisystem-6006010001,metafields agro.* vazios: application,,
BAIXA,METAFIELD_FALTANDO,03_AGCO,47,6237989M1,Corpo Bico 1 Polegada e Saídas - AGCO 6237989M1,corpo-bico-1pol-e-saidas-agco-6237989m1,metafields agro.* vazios: application,,
BAIXA,METAFIELD_FALTANDO,03_AGCO,48,6237989M1-KIT10,Corpo Bico 1 Polegada e Saídas - Kit 10 Unidades - AGCO 6237989M1,corpo-bico-1pol-e-saidas-kit-10-unidades-agco-6237989m1,metafields agro.* vazios: application,,
BAIXA,METAFIELD_FALTANDO,03_AGCO,30,7038105M1,Acoplamento do Condutor - Massey Ferguson 7038105M1,acoplamento-do-condutor-massey-ferguson-7038105m1,metafields agro.* vazios: application,,
BAIXA,METAFIELD_FALTANDO,03_AGCO,31,7038105M1-KIT60,Acoplamento do Condutor - Kit 60 Unidades - Massey Ferguson 7038105M1,acoplamento-do-condutor-kit-60-unidades-agco-7038105m1,metafields agro.* vazios: application,,
BAIXA,METAFIELD_FALTANDO,03_AGCO,32,7038106M1,Acoplamento da Curva - Massey Ferguson 7038106M1,acoplamento-da-curva-massey-ferguson-7038106m1,metafields agro.* vazios: application,,
BAIXA,METAFIELD_FALTANDO,03_AGCO,33,7038106M1-KIT60,Acoplamento da Curva - Kit 60 Unidades - Massey Ferguson 7038106M1,acoplamento-da-curva-kit-60-unidades-agco-7038106m1,metafields agro.* vazios: application,,
BAIXA,METAFIELD_FALTANDO,03_AGCO,7,ACW0551840,Condutor de Sementes para Sensor - AGCO ACW0551840,condutor-de-sementes-para-sensor-agco-acw0551840,metafields agro.* vazios: application,,
BAIXA,METAFIELD_FALTANDO,03_AGCO,8,ACW0551840-KIT25,Condutor de Sementes para Sensor - Kit 25 Unidades - AGCO ACW0551840,condutor-sementes-p-sensor-kit-25-unidades-agco-acw0551840,metafields agro.* vazios: application,,
BAIXA,METAFIELD_FALTANDO,03_AGCO,26,ACX2414460,Conjunto Adaptador de Vácuo - AGCO ACX2414460,conjunto-adaptador-de-vacuo-agco-acx2414460,metafields agro.* vazios: application,,
BAIXA,METAFIELD_FALTANDO,03_AGCO,27,ACX2414460-KIT20,Conjunto Adaptador de Vácuo - Kit 20 Unidades - AGCO ACX2414460,cj-adaptador-de-vacuo-kit-20-unidades-agco-acx2414460,metafields agro.* vazios: application,,
BAIXA,METAFIELD_FALTANDO,03_AGCO,13,ACX2719210,Conjunto Montado Joelho - AGCO ACX2719210,cj-montado-joelho-agco-acx2719210,metafields agro.* vazios: application,,
BAIXA,METAFIELD_FALTANDO,03_AGCO,14,ACX2719210-KIT30,Conjunto Montado Joelho - Kit 30 Unidades - AGCO ACX2719210,cj-montado-joelho-kit-30-unidades-agco-acx2719210,metafields agro.* vazios: application,,
BAIXA,METAFIELD_FALTANDO,03_AGCO,17,ACX283890A,Vedação Tubo de Ar - AGCO ACX283890A | Sistema Pneumático,vedacao-tubo-de-ar-agco-acx283890a-sistema-pneumatico,metafields agro.* vazios: application,,
BAIXA,METAFIELD_FALTANDO,03_AGCO,18,ACX283890A-KIT10,Vedação Tubo de Ar - Kit 10 Unidades - AGCO ACX283890A,vedacao-tubo-de-ar-kit-10-unidades-agco-acx283890a,metafields agro.* vazios: application,,
BAIXA,METAFIELD_FALTANDO,03_AGCO,9,ACX2865730-KIT60,Tampa do Módulo SRM - Kit 60 Unidades - AGCO ACX2865730,tampa-do-modulo-srm-kit-60-unidades-agco-acx2865730,metafields agro.* vazios: application,,
BAIXA,METAFIELD_FALTANDO,03_AGCO,19,ACX310603A,Manípulo Pneumático - AGCO ACX310603A,manipulo-pneumatico-agco-acx310603a,metafields agro.* vazios: application,,
BAIXA,METAFIELD_FALTANDO,03_AGCO,20,ACX310603A-KIT50,Manípulo Pneumático - Kit 50 Unidades - AGCO ACX310603A,manipulo-pneumatico-kit-50-unidades-agco-acx310603a,metafields agro.* vazios: application,,
BAIXA,METAFIELD_FALTANDO,03_AGCO,6,ACX3266690,Suporte do Dosador - AGCO ACX3266690 | Plantadeira Momentum,suporte-do-dosador-agco-acx3266690-plantadeira-momentum,metafields agro.* vazios: application,,
BAIXA,METAFIELD_FALTANDO,03_AGCO,44,ACX329796A,Defletor do Radiador - AGCO ACX329796A,defletor-do-radiador-agco-acx329796a,metafields agro.* vazios: application,,
BAIXA,METAFIELD_FALTANDO,03_AGCO,28,ACX3371800,Bocal Cotovelo de Vácuo - AGCO ACX3371800,bocal-cotovelo-de-vacuo-agco-acx3371800,metafields agro.* vazios: application,,
BAIXA,METAFIELD_FALTANDO,03_AGCO,29,ACX3371800-KIT50,Bocal Cotovelo de Vácuo - Kit 50 Unidades - AGCO ACX3371800,bocal-cotovelo-vacuo-kit-50-unidades-agco-acx3371800,metafields agro.* vazios: application,,
BAIXA,METAFIELD_FALTANDO,03_AGCO,11,ACX3454710,Conjunto Montado Reservatório de Sementes Mecânico - AGCO ACX3454710,conjunto-montado-reservatorio-de-sementes-mecanico-agco-acx3454710-339174469,metafields agro.* vazios: application,,
BAIXA,METAFIELD_FALTANDO,03_AGCO,42,ACX3473430,Tampa Maior do Tubo - AGCO ACX3473430,tampa-maior-do-tubo-agco-acx3473430,metafields agro.* vazios: application,,
BAIXA,METAFIELD_FALTANDO,03_AGCO,43,ACX3473430-KIT40,Tampa Maior do Tubo - Kit 40 Unidades - AGCO ACX3473430,tampa-maior-do-tubo-kit-40-unidades-agco-acx3473430,metafields agro.* vazios: application,,
BAIXA,METAFIELD_FALTANDO,03_AGCO,36,ACX3601860,Copo Venturi - AGCO ACX3601860 | Dosador Pneumático,copo-venturi-agco-acx3601860-dosador-pneumatico,metafields agro.* vazios: application,,
BAIXA,METAFIELD_FALTANDO,03_AGCO,51,ACX3601860-KIT25,Copo Venturi - Kit 25 Unidades - AGCO ACX3601860,copo-venturi-kit-25-unidades-agco-acx3601860,metafields agro.* vazios: application,,
BAIXA,METAFIELD_FALTANDO,03_AGCO,37,ACX3601860-KIT60,Copo Venturi - Kit 60 Unidades - AGCO ACX3601860,copo-venturi-kit-60-unidades-agco-acx3601860,metafields agro.* vazios: application,,
BAIXA,METAFIELD_FALTANDO,03_AGCO,24,ACX363311B,Copo Venturi B - AGCO ACX363311B | Dosador Pneumático,copo-venturi-b-agco-acx363311b-dosador-pneumatico,metafields agro.* vazios: application,,
BAIXA,METAFIELD_FALTANDO,03_AGCO,50,ACX363311B-KIT25,Copo Venturi B - Kit 25 Unidades - AGCO ACX363311B,copo-venturi-b-kit-25-unidades-agco-acx363311b,metafields agro.* vazios: application,,
BAIXA,METAFIELD_FALTANDO,03_AGCO,25,ACX363311B-KIT60,Copo Venturi B - Kit 60 Unidades - AGCO ACX363311B,copo-venturi-b-kit-60-unidades-agco-acx363311b,metafields agro.* vazios: application,,
BAIXA,METAFIELD_FALTANDO,03_AGCO,22,ACX363311C,Copo Venturi C - AGCO ACX363311C | Dosador Pneumático,copo-venturi-c-agco-acx363311c-dosador-pneumatico,metafields agro.* vazios: application,,
BAIXA,METAFIELD_FALTANDO,03_AGCO,49,ACX363311C-KIT25,Copo Venturi C - Kit 25 Unidades - AGCO ACX363311C,copo-venturi-c-kit-25-unidades-agco-acx363311c,metafields agro.* vazios: application,,
BAIXA,METAFIELD_FALTANDO,03_AGCO,23,ACX363311C-KIT60,Copo Venturi C - Kit 60 Unidades - AGCO ACX363311C,copo-venturi-c-kit-60-unidades-agco-acx363311c,metafields agro.* vazios: application,,
BAIXA,METAFIELD_FALTANDO,03_AGCO,34,ACX5458940,Proteção SRM - AGCO ACX5458940 | Monitor de Linhas,protecao-srm-agco-acx5458940-monitor-de-linhas,metafields agro.* vazios: application,,
BAIXA,METAFIELD_FALTANDO,03_AGCO,35,ACX5458940-KIT40,Proteção SRM - Kit 40 Unidades - AGCO ACX5458940,protecao-srm-kit-40-unidades-agco-acx5458940,metafields agro.* vazios: application,,
BAIXA,METAFIELD_FALTANDO,03_AGCO,53,APP00001,Roda Compactadora - Kit 1 Unidade,roda-compactadora-kit-1-unidade,metafields agro.* vazios: application,,
BAIXA,METAFIELD_FALTANDO,03_AGCO,52,APP00001-KIT10,Roda Compactadora — Kit 10 Unidades — APP00001,roda-compactadora-kit-10-unidades-app00001,metafields agro.* vazios: application,,
BAIXA,SEM_SEO,08_FERTISYSTEM,10,200201007,Anel Trava — Fertisystem 200201007,anel-trava-fertisystem-200201007,sem meta description,,
BAIXA,SEM_SEO,08_FERTISYSTEM,11,200201007-KIT25,Anel Trava — Kit 25 Unidades — Fertisystem 200201007,anel-trava-kit-25-unidades-fertisystem-200201007,sem meta description,,
BAIXA,SEM_SEO,08_FERTISYSTEM,6,200201008,Tampa Transversal — Fertisystem 200201008,tampa-transversal-fertisystem-200201008,sem meta description,,
BAIXA,SEM_SEO,08_FERTISYSTEM,7,200201008-KIT25,Tampa Transversal — Kit 25 Unidades — Fertisystem 200201008,tampa-transversal-kit-25-unidades-fertisystem-200201008,sem meta description,,
BAIXA,SEM_SEO,08_FERTISYSTEM,12,200201012,Pinhão — Fertisystem 200201012,pinhao-fertisystem-200201012,sem meta description,,
BAIXA,SEM_SEO,08_FERTISYSTEM,13,200201012-KIT25,Pinhão — Kit 25 Unidades — Fertisystem 200201012,pinhao-kit-25-unidades-fertisystem-200201012,sem meta description,,
BAIXA,SEM_SEO,08_FERTISYSTEM,8,200201014,Bocal — Fertisystem 200201014,bocal-fertisystem-200201014,sem meta description,,
BAIXA,SEM_SEO,08_FERTISYSTEM,9,200201014-KIT25,Bocal — Kit 25 Unidades — Fertisystem 200201014,bocal-kit-25-unidades-fertisystem-200201014,sem meta description,,
BAIXA,SEM_SEO,08_FERTISYSTEM,14,200201038,Eixo — Fertisystem 200201038,eixo-fertisystem-200201038,sem meta description,,
BAIXA,SEM_SEO,08_FERTISYSTEM,15,200201038-KIT25,Eixo — Kit 25 Unidades — Fertisystem 200201038,eixo-kit-25-unidades-fertisystem-200201038,sem meta description,,
BAIXA,SEM_SEO,03_AGCO,46,33070004-KIT25,Condutor Reto de Sementes - Kit 25 Unidades - AGCO 33070004,condutor-reto-kit-25-unidades-agco-33070004,sem meta description,,
BAIXA,SEM_SEO,03_AGCO,16,4383927M4-KIT10,Dobradiça Esquerda Inferior - Kit 10 Unidades - Massey Ferguson 4383927M4,dobradica-esquerda-inferior-kit-10-unidades-agco-4383927m4,sem meta description,,
BAIXA,SEM_SEO,03_AGCO,39,4383933M4-KIT10,Dobradiça Direita Superior - Kit 10 Unidades - Massey Ferguson 4383933M4,dobradica-direita-superior-kit-10-unidades-agco-4383933m4,sem meta description,,
BAIXA,SEM_SEO,03_AGCO,41,4383934M4-KIT10,Dobradiça Direita Inferior - Kit 10 Unidades - Massey Ferguson 4383934M4,dobradica-direita-inferior-kit-10-unidades-agco-4383934m4,sem meta description,,
BAIXA,SEM_SEO,02_SOHIPREN,285,5.0209.L026780.0,Bomba Hidráulica 19 Direção e Transmissão - Trator New Holland (B15.B14.B19.D5),boi-19-b15-b14-b19-d5-24-150-bar-5-0209-l026780-0,sem meta description,,
BAIXA,SEM_SEO,02_SOHIPREN,284,5.0210.L026250.0,Bomba Hidráulica 16 Direção e Transmissão - Trator New Holland (B15.B14.A14.D5),boi-16-b15-b14-a14-d5-24-150-bar-5-0210-l026250-0,sem meta description,,
BAIXA,SEM_SEO,02_SOHIPREN,243,5.0211.L026819.0,Bomba Hidráulica 26 - Trator Case/New Holland (E18.C22.A119.D6),boi-26-e18-c22-a119-d6-25-180-bar-5-0211-l026819-0,sem meta description,,
BAIXA,SEM_SEO,02_SOHIPREN,244,5.0211.L026849.0,Bomba Hidráulica 26 Auxiliar e Direção - Trator New Holland (E18.C22.A119.D11),boi-26-e18-c22-a119-d11-25-000-bar-new-holland-5-0211-l026849-0,sem meta description,,
BAIXA,SEM_SEO,02_SOHIPREN,252,5.0211.L027018.0,Bomba Hidráulica 25 Levante - Trator New Holland (B107.B20.B118),boi-25-b107-b20-b118-l-5-0211-l027018-0,sem meta description,,
BAIXA,SEM_SEO,02_SOHIPREN,233,5.0220.0548911.0,Bomba Hidráulica 19 Principal - Trator New Holland TL75E (E5.P.B2/14),boi-19-e5-p-b2-14-b2-l-ambos-cpos-invertidos-5-0220-0548911-0,sem meta description,,
BAIXA,SEM_SEO,02_SOHIPREN,23,5.0220.0548917.0,"Bomba Hidráulica 16 Principal e Direção - Trator Valtra (E2.B8.B2/14, Placa H15)",boi-16-e2-b8-b2-14-b2-l-placa-h15-5-0220-0548917-0,sem meta description,,
BAIXA,SEM_SEO,02_SOHIPREN,975,5.0220.L025598.0,Bomba Hidráulica 26 Principal - Trator Valtra-Valmet (E2.B8.B110/16),boi-26-e2-b8-b110-16-b2-l-5-0220-l025598-0,sem meta description,,
BAIXA,SEM_SEO,02_SOHIPREN,24,5.0220.L026997.0,"Bomba Hidráulica 22,5 Principal - Trator Valtra (E2.B8.B112/16.B4/16)",boi-22-5-e2-b8-b112-16-b4-16-b4-l-5-0220-l026997-0,sem meta description,,
BAIXA,SEM_SEO,02_SOHIPREN,259,5.1301.0565054.0,Bomba de Aplicação New Holland A-047 (47439228) Giro D - 5.1301.0565054.0,bomba-aplicacion-cnh-a-047-47439228-giro-d-prototipo-5-1301-0565054-0,sem meta description,,
BAIXA,SEM_SEO,02_SOHIPREN,256,5.1301.0565055.0,Bomba de Aplicação New Holland A-048 (47441313) Giro I - 5.1301.0565055.0,bomba-aplicacion-cnh-a-048-47441313-giro-i-prototipo-5-1301-0565055-0,sem meta description,,
BAIXA,SEM_SEO,02_SOHIPREN,776,5.1302.0565086.0,Bomba de Aplicação Massey Ferguson A-021 (ACX3124760) Giro I - 5.1302.0565086.0,bomba-aplicacion-mf-a-021-acx3124760-giro-i-5-1302-0565086-0,sem meta description,,
BAIXA,SEM_SEO,02_SOHIPREN,777,5.1302.0565087.0,Bomba de Aplicação Massey Ferguson A-022 (ACX3124770) Giro I - 5.1302.0565087.0,bomba-aplicacion-mf-a-022-acx3124770-giro-i-5-1302-0565087-0,sem meta description,,
BAIXA,SEM_SEO,02_SOHIPREN,778,5.1302.0565088.0,Bomba de Aplicação Massey Ferguson A-601 (ACX3125900) Giro I - 5.1302.0565088.0,bomba-aplicacion-mf-a-601-acx3125900-giro-i-5-1302-0565088-0,sem meta description,,
BAIXA,SEM_SEO,02_SOHIPREN,779,5.1302.0565089.0,Bomba de Aplicação Massey Ferguson A-024 (ACX3125910) Giro I - 5.1302.0565089.0,bomba-aplicacion-mf-a-024-acx3125910-giro-i-5-1302-0565089-0,sem meta description,,
BAIXA,SEM_SEO,02_SOHIPREN,15,5.1302.0565120.0,Motor de Aplicação Massey Ferguson A-026 (ACX4630870) Giro D - 5.1302.0565120.0,motor-aplicacion-mf-a-026-acx4630870-giro-d-5-1302-0565120-0,sem meta description,,
BAIXA,SEM_SEO,02_SOHIPREN,14,5.1302.0565122.0,Bomba de Aplicação Massey Ferguson A-028 (ACX5148180) Giro I - 5.1302.0565122.0,bomba-aplicacion-mf-a-028-acx5148180-giro-i-prototipo-5-1302-0565122-0,sem meta description,,
BAIXA,SEM_SEO,02_SOHIPREN,782,5.1302.L027041.0,Bomba de Aplicação MF-AX (ACW6839870) Giro I - 5.1302.L027041.0,bomba-aplicacion-mf-ax-acw6839870-giro-i-5-1302-l027041-0,sem meta description,,
BAIXA,SEM_SEO,02_SOHIPREN,677,5.1305.0565032.0,Bomba de Aplicação John Deere A-001 (RE223233) Giro I - 5.1305.0565032.0,bomba-aplicacion-jd-a-001-re223233-giro-i-5-1305-0565032-0,sem meta description,,
BAIXA,SEM_SEO,02_SOHIPREN,675,5.1305.0565094.0,Bomba de Aplicação John Deere A-008 (DQ33772) Giro D - 5.1305.0565094.0,bomba-de-aplicacion-jd-a-008-dq33772-giro-d-prototipo-5-1305-0565094-0,sem meta description,,
BAIXA,SEM_SEO,02_SOHIPREN,697,5.1305.0565115.0,Bomba de Aplicação JD (AL200830) Giro D - 5.1305.0565115.0,bomba-aplicacion-jd-al200830-giro-d-5-1305-0565115-0,sem meta description,,
BAIXA,SEM_SEO,02_SOHIPREN,666,5.1621.0670036.1,Motor Hidráulico MLSW 395 - John Deere CB11480557 | Colhedora de Cana,motor-mlsw-395-john-deere-cb11480557-5-1621-0670036-1,sem meta description,,
BAIXA,SEM_SEO,02_SOHIPREN,667,5.1621.0670037.1,Motor Hidráulico MLSW 80 - John Deere CB11480555 | Colhedora de Cana,motor-mlsw-80-john-deere-cb11480555-5-1621-0670037-1,sem meta description,,
BAIXA,SEM_SEO,02_SOHIPREN,668,5.1621.0670038.1,Motor Hidráulico MLSW 305 - John Deere CB11480558 | Colhedora de Cana,motor-mlsw-305-john-deere-cb11480558-5-1621-0670038-1,sem meta description,,
BAIXA,SEM_SEO,02_SOHIPREN,669,5.1621.0670039.1,Motor Hidráulico MLSW 395 - John Deere CB11480559 | Colhedora de Cana,motor-mlsw-395-john-deere-cb11480559-5-1621-0670039-1,sem meta description,,
BAIXA,SEM_SEO,02_SOHIPREN,670,5.1621.0670040.1,Motor Hidráulico MLSW 495 - John Deere CB11480560 | Colhedora de Cana,motor-mlsw-495-john-deere-cb11480560-5-1621-0670040-1,sem meta description,,
BAIXA,SEM_SEO,02_SOHIPREN,13,5.1621.0680005.0,Motor Hidráulico MLR 160 - Plantadeira AGCO (C3.C2.P5),mlr-160-c3-c2-p5-5-1621-0680005-0,sem meta description,,
BAIXA,SEM_SEO,02_SOHIPREN,195,5.5210.L011190.0,"Motor Hidráulico do Ventilador MUI BO 22,5 - Pá Carregadeira Case/New Holland",mui-bo-22-5-b101-c106-c105-m105-5-5210-l011190-0,sem meta description,,
BAIXA,SEM_SEO,02_SOHIPREN,189,5.5211.L026234.0,Motor Hidráulico da Hélice MRBO 26 - Case 845B/865B/885B,mrbo-26-b100-c-c43-l10-5-5211-l026234-0,sem meta description,,
BAIXA,SEM_SEO,08_FERTISYSTEM,16,6006010001,Arruela de Vedação — Fertisystem 6006010001,arruela-de-vedacao-fertisystem-6006010001,sem meta description,,
BAIXA,SEM_SEO,08_FERTISYSTEM,17,6006010001-KIT25,Arruela de Vedação — Kit 25 Unidades — Fertisystem 6006010001,arruela-de-vedacao-kit-25-unidades-fertisystem-6006010001,sem meta description,,
BAIXA,SEM_SEO,06_STARA,25,6117-4142,Bucha do Mancal Pantográfico - Stara 6117-4142 | Linha de Plantio,bucha-do-mancal-pantografico-6117-4142,sem meta description,,
BAIXA,SEM_SEO,06_STARA,26,6117-4142-KIT50,Bucha do Mancal Pantográfico - Kit 50 Unidades - Stara 6117-4142,bucha-do-mancal-pantografico-kit-50-unidades-stara-6117-4142,sem meta description,,
BAIXA,SEM_SEO,03_AGCO,47,6237989M1,Corpo Bico 1 Polegada e Saídas - AGCO 6237989M1,corpo-bico-1pol-e-saidas-agco-6237989m1,sem meta description,,
BAIXA,SEM_SEO,03_AGCO,48,6237989M1-KIT10,Corpo Bico 1 Polegada e Saídas - Kit 10 Unidades - AGCO 6237989M1,corpo-bico-1pol-e-saidas-kit-10-unidades-agco-6237989m1,sem meta description,,
BAIXA,SEM_SEO,06_STARA,6,6424-4005,Acabamento Lateral do Reservatório de Sementes - Stara 6424-4005 | Plantadeira Estrela,acabamento-lateral-reservatorio-de-sementes-6424-4005,sem meta description,,
BAIXA,SEM_SEO,06_STARA,7,6424-4005-KIT50,Acabamento Lateral do Reservatório de Sementes - Kit 50 Unidades - Stara 6424-4005,acabamento-lateral-reservatorio-de-sementes-kit-50-unidades-stara-6424-4005,sem meta description,,
BAIXA,SEM_SEO,06_STARA,40,6424-4013,Condutor de Adubo Disco Duplo - Stara 6424-4013 | Plantadeira Estrela,condutor-adubo-disco-duplo-6424-4013,sem meta description,,
BAIXA,SEM_SEO,06_STARA,41,6424-4013-KIT25,Condutor de Adubo Disco Duplo - Kit 25 Unidades - Stara 6424-4013,condutor-adubo-disco-duplo-kit-25-unidades-stara-6424-4013,sem meta description,,
BAIXA,SEM_SEO,06_STARA,12,6424-4026,Conexão da Mangueira de Sementes - Stara 6424-4026 | Plantadeira Estrela,conexao-mangueira-sementes-6424-4026,sem meta description,,
BAIXA,SEM_SEO,06_STARA,13,6424-4026-KIT50,Conexão da Mangueira de Sementes - Kit 50 Unidades - Stara 6424-4026,conexao-mangueira-sementes-kit-50-unidades-stara-6424-4026,sem meta description,,
BAIXA,SEM_SEO,06_STARA,11,6424-4028,Bocal da Pipoqueira - Stara 6424-4028 | Plantadeira Estrela,bocal-pipoqueira-6424-4028,sem meta description,,
BAIXA,SEM_SEO,03_AGCO,31,7038105M1-KIT60,Acoplamento do Condutor - Kit 60 Unidades - Massey Ferguson 7038105M1,acoplamento-do-condutor-kit-60-unidades-agco-7038105m1,sem meta description,,
BAIXA,SEM_SEO,03_AGCO,33,7038106M1-KIT60,Acoplamento da Curva - Kit 60 Unidades - Massey Ferguson 7038106M1,acoplamento-da-curva-kit-60-unidades-agco-7038106m1,sem meta description,,
BAIXA,SEM_SEO,06_STARA,33,8031-4008,Ponteira do Bico - Stara 8031-4008 | Plataforma de Milho Brava,ponteira-bico-8031-4008,sem meta description,,
BAIXA,SEM_SEO,06_STARA,34,8031-4008-KIT10,Ponteira do Bico - Kit 10 Unidades - Stara 8031-4008,ponteira-bico-kit-10-unidades-stara-8031-4008,sem meta description,,
BAIXA,SEM_SEO,06_STARA,10,8031-4009,Bico Central 45/50 - Stara 8031-4009 | Plataforma de Milho Brava,bico-central-45-50-8031-4009,sem meta description,,
BAIXA,SEM_SEO,06_STARA,14,8031-4010,Carenagem Central - Stara 8031-4010 | Plataforma de Milho Brava,carenagem-central-8031-4010,sem meta description,,
BAIXA,SEM_SEO,05_JOHN_DEERE,18,A56254,Aro da Tampa do Reservatório Central de Sementes - John Deere A56254 | Plantadeira,aro-tampa-reservatorio-central-de-sementes-a56254,sem meta description,,
BAIXA,SEM_SEO,05_JOHN_DEERE,29,A71321,Engate do Condutor - John Deere A71321 | Plantadeira a Vácuo,engate-condutor-jd-a71321,sem meta description,,
BAIXA,SEM_SEO,05_JOHN_DEERE,30,A71321-KIT50,Engate Condutor - Kit 50 Unidades - John Deere A71321,engate-condutor-kit-50-unidades-john-deere-a71321,sem meta description,,
BAIXA,SEM_SEO,05_JOHN_DEERE,31,A72758,Peneira Mini Hopper - John Deere A72758 | Plantadeira a Vácuo,peneira-mini-hooper-a72758,sem meta description,,
BAIXA,SEM_SEO,05_JOHN_DEERE,32,A72758-KIT50,Peneira Mini Hopper - Kit 50 Unidades - John Deere A72758,peneira-mini-hooper-kit-50-unidades-john-deere-a72758,sem meta description,,
BAIXA,SEM_SEO,05_JOHN_DEERE,34,A74430,Engate Hidráulico Rápido - John Deere A74430 | Plantadeira,engate-hidr-rapido-a74430,sem meta description,,
BAIXA,SEM_SEO,05_JOHN_DEERE,35,A74430-KIT10,Engate Hidráulico Rápido - Kit 10 Unidades - John Deere A74430,engate-hidr-rapido-kit-10-unidades-john-deere-a74430,sem meta description,,
BAIXA,SEM_SEO,05_JOHN_DEERE,27,A75169,Conexão Pipoqueira - John Deere A75169 | Plantadeira a Vácuo,conexao-pipoqueira-jd-a75169,sem meta description,,
BAIXA,SEM_SEO,05_JOHN_DEERE,28,A75169-KIT50,Conexão Pipoqueira - Kit 50 Unidades - John Deere A75169,conexao-pipoqueira-kit-50-unidades-john-deere-a75169,sem meta description,,
BAIXA,SEM_SEO,05_JOHN_DEERE,33,A78269,Tampa do Reservatório Central de Sementes - John Deere A78269 | Plantadeira,tampa-reservatorio-central-de-sementes-a78269,sem meta description,,
BAIXA,SEM_SEO,05_JOHN_DEERE,24,AA67780,Condutor de Sementes em Acrílico - John Deere AA67780 | Plantadeira MaxEmerge,condutor-john-deere-acrilico-aa67780,sem meta description,,
BAIXA,SEM_SEO,05_JOHN_DEERE,25,AA67780-KIT10,Condutor de Sementes em Acrílico - Kit 10 Unidades - John Deere AA67780,condutor-acrilico-kit-10-unidades-john-deere-aa67780,sem meta description,,
BAIXA,SEM_SEO,03_AGCO,8,ACW0551840-KIT25,Condutor de Sementes para Sensor - Kit 25 Unidades - AGCO ACW0551840,condutor-sementes-p-sensor-kit-25-unidades-agco-acw0551840,sem meta description,,
BAIXA,SEM_SEO,03_AGCO,27,ACX2414460-KIT20,Conjunto Adaptador de Vácuo - Kit 20 Unidades - AGCO ACX2414460,cj-adaptador-de-vacuo-kit-20-unidades-agco-acx2414460,sem meta description,,
BAIXA,SEM_SEO,03_AGCO,13,ACX2719210,Conjunto Montado Joelho - AGCO ACX2719210,cj-montado-joelho-agco-acx2719210,sem meta description,,
BAIXA,SEM_SEO,03_AGCO,14,ACX2719210-KIT30,Conjunto Montado Joelho - Kit 30 Unidades - AGCO ACX2719210,cj-montado-joelho-kit-30-unidades-agco-acx2719210,sem meta description,,
BAIXA,SEM_SEO,03_AGCO,18,ACX283890A-KIT10,Vedação Tubo de Ar - Kit 10 Unidades - AGCO ACX283890A,vedacao-tubo-de-ar-kit-10-unidades-agco-acx283890a,sem meta description,,
BAIXA,SEM_SEO,03_AGCO,9,ACX2865730-KIT60,Tampa do Módulo SRM - Kit 60 Unidades - AGCO ACX2865730,tampa-do-modulo-srm-kit-60-unidades-agco-acx2865730,sem meta description,,
BAIXA,SEM_SEO,03_AGCO,20,ACX310603A-KIT50,Manípulo Pneumático - Kit 50 Unidades - AGCO ACX310603A,manipulo-pneumatico-kit-50-unidades-agco-acx310603a,sem meta description,,
BAIXA,SEM_SEO,03_AGCO,29,ACX3371800-KIT50,Bocal Cotovelo de Vácuo - Kit 50 Unidades - AGCO ACX3371800,bocal-cotovelo-vacuo-kit-50-unidades-agco-acx3371800,sem meta description,,
BAIXA,SEM_SEO,03_AGCO,43,ACX3473430-KIT40,Tampa Maior do Tubo - Kit 40 Unidades - AGCO ACX3473430,tampa-maior-do-tubo-kit-40-unidades-agco-acx3473430,sem meta description,,
BAIXA,SEM_SEO,03_AGCO,51,ACX3601860-KIT25,Copo Venturi - Kit 25 Unidades - AGCO ACX3601860,copo-venturi-kit-25-unidades-agco-acx3601860,sem meta description,,
BAIXA,SEM_SEO,03_AGCO,37,ACX3601860-KIT60,Copo Venturi - Kit 60 Unidades - AGCO ACX3601860,copo-venturi-kit-60-unidades-agco-acx3601860,sem meta description,,
BAIXA,SEM_SEO,03_AGCO,50,ACX363311B-KIT25,Copo Venturi B - Kit 25 Unidades - AGCO ACX363311B,copo-venturi-b-kit-25-unidades-agco-acx363311b,sem meta description,,
BAIXA,SEM_SEO,03_AGCO,25,ACX363311B-KIT60,Copo Venturi B - Kit 60 Unidades - AGCO ACX363311B,copo-venturi-b-kit-60-unidades-agco-acx363311b,sem meta description,,
BAIXA,SEM_SEO,03_AGCO,49,ACX363311C-KIT25,Copo Venturi C - Kit 25 Unidades - AGCO ACX363311C,copo-venturi-c-kit-25-unidades-agco-acx363311c,sem meta description,,
BAIXA,SEM_SEO,03_AGCO,23,ACX363311C-KIT60,Copo Venturi C - Kit 60 Unidades - AGCO ACX363311C,copo-venturi-c-kit-60-unidades-agco-acx363311c,sem meta description,,
BAIXA,SEM_SEO,03_AGCO,35,ACX5458940-KIT40,Proteção SRM - Kit 40 Unidades - AGCO ACX5458940,protecao-srm-kit-40-unidades-agco-acx5458940,sem meta description,,
BAIXA,SEM_SEO,03_AGCO,53,APP00001,Roda Compactadora - Kit 1 Unidade,roda-compactadora-kit-1-unidade,sem meta description,,
BAIXA,SEM_SEO,03_AGCO,52,APP00001-KIT10,Roda Compactadora — Kit 10 Unidades — APP00001,roda-compactadora-kit-10-unidades-app00001,sem meta description,,
BAIXA,SEM_SEO,05_JOHN_DEERE,22,CQ54137,Condutor de Sementes em S - John Deere CQ54137 | Plantadeira,condutor-john-deere-cq54137,sem meta description,,
BAIXA,SEM_SEO,05_JOHN_DEERE,23,CQ54137-KIT50,Condutor de Sementes em S - Kit 50 Unidades - John Deere CQ54137,condutor-kit-50-unidades-john-deere-cq54137,sem meta description,,
BAIXA,SEM_SEO,05_JOHN_DEERE,19,CQ59313,Caixa de Sementes Mini Hopper - John Deere CQ59313 | Plantadeira a Vácuo,caixa-de-sementes-mini-hooper-cq59313,sem meta description,,
BAIXA,SEM_SEO,05_JOHN_DEERE,20,CQ65827,Condutor de Adubo - John Deere CQ65827 | Plantadeiras Séries 1100/2100,condutor-jd-cq65827,sem meta description,,
BAIXA,SEM_SEO,05_JOHN_DEERE,21,CQ65827-KIT50,Condutor de Adubo - Kit 50 Unidades - John Deere CQ65827,condutor-kit-50-unidades-john-deere-cq65827,sem meta description,,
BAIXA,SEM_SEO,05_JOHN_DEERE,26,CQ73378-KIT30,Condutor de Sementes - Kit 30 Unidades - John Deere CQ73378,condutor-plantadeira-kit-30-unidades-john-deere-cq73378,sem meta description,,
BAIXA,SEM_SEO,05_JOHN_DEERE,6,H-102724,Dedo Retrátil Quadrado - John Deere H-102724 | Plataforma de Corte,dedo-retratil-jd-quadrado-h-102724,sem meta description,,
BAIXA,SEM_SEO,05_JOHN_DEERE,7,H-102724-KIT50,Dedo Retrátil Quadrado - Kit 50 Unidades - John Deere H-102724,dedo-retratil-quadrado-kit-50-unidades-john-deere-h-102724,sem meta description,,
BAIXA,SEM_SEO,05_JOHN_DEERE,8,H-169914,Dedo Retrátil - John Deere H-169914 | Plataforma de Corte Séries 600/700,dedo-retratil-jd-h-169914,sem meta description,,
BAIXA,SEM_SEO,05_JOHN_DEERE,9,H-169914-KIT50,Dedo Retrátil - Kit 50 Unidades - John Deere H-169914,dedo-retratil-kit-50-unidades-john-deere-h-169914,sem meta description,,
BAIXA,SEM_SEO,05_JOHN_DEERE,10,H-175727,Suporte do Molinete - John Deere H-175727 | Plataforma de Corte,suporte-do-molinete-h-175727,sem meta description,,
BAIXA,SEM_SEO,05_JOHN_DEERE,11,H-175727-KIT50,Suporte do Molinete - Kit 50 Unidades - John Deere H-175727,suporte-do-molinete-kit-50-unidades-john-deere-h-175727,sem meta description,,
BAIXA,SEM_SEO,07_GTS,17,IPCX03006047,Guia do Dedo Retrátil - GTS IPCX03006047 | Caracol da Plataforma,guia-dedo-retratil-ipcx03006047,sem meta description,,
BAIXA,SEM_SEO,07_GTS,18,IPCX03006047-KIT50,Guia do Dedo Retrátil - Kit 50 Unidades - GTS IPCX03006047,guia-dedo-retratil-kit-50-unidades-gts-ipcx03006047,sem meta description,,
BAIXA,SEM_SEO,07_GTS,15,IPCX03006056,Mancal do Dedo Retrátil - GTS IPCX03006056 | Caracol da Plataforma,mancal-dedo-retratil-ipcx03006056,sem meta description,,
BAIXA,SEM_SEO,07_GTS,16,IPCX03006056-KIT60,Mancal do Dedo Retrátil - Kit 60 Unidades - GTS IPCX03006056,mancal-dedo-retratil-kit-60-unidades-gts-ipcx03006056,sem meta description,,
BAIXA,SEM_SEO,07_GTS,14,IPCX03007010-KIT100,Dedo do Molinete - Kit 100 Unidades - GTS IPCX03007010,dedo-molinete-kit-100-unidades-gts-ipcx03007010,sem meta description,,
BAIXA,SEM_SEO,07_GTS,12,IPCX03007010-KIT20,Dedo do Molinete - Kit 20 Unidades - GTS IPCX03007010,dedo-molinete-kit-20-unidades-gts-ipcx03007010,sem meta description,,
BAIXA,SEM_SEO,07_GTS,13,IPCX03007010-KIT50,Dedo do Molinete - Kit 50 Unidades - GTS IPCX03007010,dedo-molinete-kit-50-unidades-gts-ipcx03007010,sem meta description,,
BAIXA,SEM_SEO,07_GTS,8,IPCX03009064,Giro do Molinete 1 - GTS IPCX03009064 | Plataforma de Corte,giro-molinete-1-ipcx03009064,sem meta description,,
BAIXA,SEM_SEO,07_GTS,9,IPCX03009064-KIT100,Giro do Molinete 1 - Kit 100 Unidades - GTS IPCX03009064,giro-molinete-1-kit-100-unidades-gts-ipcx03009064,sem meta description,,
BAIXA,SEM_SEO,07_GTS,6,IPCX03009065,Giro do Molinete 2 - GTS IPCX03009065 | Plataforma de Corte,giro-molinete-2-ipcx03009065,sem meta description,,
BAIXA,SEM_SEO,07_GTS,7,IPCX03009065-KIT100,Giro do Molinete 2 - Kit 100 Unidades - GTS IPCX03009065,giro-molinete-2-kit-100-unidades-gts-ipcx03009065,sem meta description,,
BAIXA,SEM_SEO,07_GTS,10,IPCX05009034,Rótula do Molinete - GTS IPCX05009034 | Plataforma de Corte,rotula-molinete-ipcx05009034,sem meta description,,
BAIXA,SEM_SEO,07_GTS,11,IPCX05009034-KIT75,Rótula do Molinete - Kit 75 Unidades - GTS IPCX05009034,rotula-molinete-kit-75-unidades-gts-ipcx05009034,sem meta description,,
BAIXA,SEM_SEO,05_JOHN_DEERE,12,KK31823,Dedo Recolhedor Algodão Grande - John Deere KK31823 | Colhedora de Algodão,dedo-recolhedor-algodao-grande-kk31823,sem meta description,,
BAIXA,SEM_SEO,05_JOHN_DEERE,36,KK31823-KIT25,Dedo Recolhedor Algodão Grande - Kit 25 Unidades - John Deere KK31823,dedo-recolhedor-algodao-grande-kit-25-unidades-john-deere-kk31823,sem meta description,,
BAIXA,SEM_SEO,05_JOHN_DEERE,37,KK31823-KIT50,Dedo Recolhedor Algodão Grande - Kit 50 Unidades - John Deere KK31823,dedo-recolhedor-algodao-grande-kit-50-unidades-john-deere-kk31823,sem meta description,,
BAIXA,SEM_SEO,05_JOHN_DEERE,13,KK31824,Dedo Recolhedor Algodão Médio - John Deere KK31824 | Colhedora 7760/CP690,dedo-recolhedor-algodao-medio-kk31824,sem meta description,,
BAIXA,SEM_SEO,05_JOHN_DEERE,38,KK31824-KIT25,Dedo Recolhedor Algodão Médio - Kit 25 Unidades - John Deere KK31824,dedo-recolhedor-algodao-medio-kit-25-unidades-john-deere-kk31824,sem meta description,,
BAIXA,SEM_SEO,05_JOHN_DEERE,39,KK31824-KIT50,Dedo Recolhedor Algodão Médio - Kit 50 Unidades - John Deere KK31824,dedo-recolhedor-algodao-medio-kit-50-unidades-john-deere-kk31824,sem meta description,,
BAIXA,SEM_SEO,05_JOHN_DEERE,14,KK31825,Dedo Recolhedor Algodão Pequeno - John Deere KK31825 | Colhedora 7760/CP690,dedo-recolhedor-algodao-pequeno-kk31825,sem meta description,,
BAIXA,SEM_SEO,05_JOHN_DEERE,40,KK31825-KIT25,Dedo Recolhedor Algodão Pequeno - Kit 25 Unidades - John Deere KK31825,dedo-recolhedor-algodao-pequeno-kit-25-unidades-john-deere-kk31825,sem meta description,,
BAIXA,SEM_SEO,05_JOHN_DEERE,16,N276747,Tampa Algodão - John Deere N276747 | Colhedora de Algodão,tampa-algodao-n276747,sem meta description,,
BAIXA,SEM_SEO,05_JOHN_DEERE,17,N276747-KIT25,Tampa Algodão - Kit 25 Unidades - John Deere N276747,tampa-algodao-kit-25-unidades-john-deere-n276747,sem meta description,,
