SKU,Título,Status,Qualidade,Imagens (assets),Baixadas agora,Faltam
5.0220.0548824-2,Bomba Hidráulica Dupla Valtra-Valmet BH160,ACTIVE,ecommerce_padrao,0017_548824_Livenza_5_0220_0548951-CT_REV__0_att135_p1_foto_3d_ecommerce.png | 0017_548824_Livenza_5_0220_0548951-CT_REV__0_att135_p1_desenho_tec.png | 5.0220.0548824-2_p1.png,,
5.1301.0565008,Bomba Hidráulica Ford New Holland CNH A-008 - Série TB/TS,ACTIVE,ecommerce_padrao,0261_565008_Livenza_5_1301_0565066_att140_p3_foto_3d_ecommerce.png | 0261_565008_Livenza_5_1301_0565066_att140_p3_desenho_tec.png | 0261_565008_Livenza_5_1301_0565008_att141_p1_desenho_tec.png | livenza_5.1301.0565008_p1.png,,
5.1301.0565017,Bomba Hidráulica Ford New Holland CNH A-017 - Série TS6000,ACTIVE,ecommerce_padrao,0264_565017_Livenza_5_1301_0565017_att145_p1_foto_3d_ecommerce.png | 0264_565017_Livenza_5_1301_0565017_att145_p1_desenho_tec.png | livenza_5.1301.0565017_p1.png,,
5.1301.0565035,Bomba Hidráulica New Holland CNH A-024 - Série T6,ACTIVE,ecommerce_padrao,0273_565035_Livenza_5_1301_0565035_2_att147_p1_foto_3d_ecommerce.png | 0273_565035_Livenza_5_1301_0565035_2_att147_p1_desenho_tec.png | livenza_5.1301.0565035_p1.png,,
5.1305.0565036,Bomba Hidráulica Principal John Deere A-003 - Série 6000,ACTIVE,ecommerce_padrao,0671_565036_Livenza_5_1305_0565036-CT_1_att142_p1_foto_3d_ecommerce.png | 0671_565036_Livenza_5_1305_0565036-CT_1_att142_p1_desenho_tec.png | livenza_5.1305.0565036_p1.png,,
5.1305.0565071,Bomba Hidráulica Direção e Levante John Deere A-004 - Série 5000/6000,ACTIVE,ecommerce_padrao,0668_565071_Livenza_5_1305_0565071_att136_p1_foto_3d_ecommerce.png | 0668_565071_Livenza_5_1305_0565071_att136_p1_desenho_tec.png | livenza_5.1305.0565071_p1.png,,
5.0220.0547201,Bomba Hidráulica Principal Valtra-Valmet 885/985/1280,ACTIVE,ecommerce_padrao,0020_547201_Livenza_5_0220_0547201-CT_0_att84_p1_foto_3d_ecommerce.png | 0020_547201_Livenza_5_0220_0547201-CT_0_att84_p1_desenho_tec.png | livenza_5.0220.0547201-CT_REV._0_p1.png,,
5.0220.0547205,Bomba Hidráulica Principal Valtra-Valmet 880/980/1780,ACTIVE,ecommerce_padrao,0029_547205_Livenza_5_0220_0547205-CT_0_att86_p1_foto_3d_ecommerce.png | 0029_547205_Livenza_5_0220_0547205-CT_0_att86_p1_desenho_tec.png | livenza_5.0220.0547205-CT_REV._0_p1.png,,
5.0220.0547206,Bomba Hidráulica Principal Valtra-Valmet 118ES/128/138/148,ACTIVE,ecommerce_padrao,0975_547206_Livenza_5_0220_0547206-CT_0_att87_p1_foto_3d_ecommerce.png | 0975_547206_Livenza_5_0220_0547206-CT_0_att87_p1_desenho_tec.png | livenza_5.0220.0547201-CT_REV._0_p1.png,,
5.1302.0547820,Bomba Hidráulica Massey Ferguson MF A-013 - Direção e Levante 3000/6000,ACTIVE,ecommerce_padrao,0789_547820_Livenza_5_1302_0547820-CT_0_att124_p2_foto_3d_ecommerce.png | 0789_547820_Livenza_5_1302_0547820-CT_0_att124_p2_desenho_tec.png | livenza_5.1302.0547820-CT_REV._0_p1.png,,
5.1302.0547844,Bomba Hidráulica Massey Ferguson MF A-004 - 4215/4220/4235/4255,ACTIVE,ecommerce_padrao,0787_547844_Livenza_5_1302_0547844-CT_A_att125_p1_foto_3d_ecommerce.png | 0787_547844_Livenza_5_1302_0547844-CT_A_att125_p1_desenho_tec.png | livenza_5.1302.0547844-CT_REV._A_p1.png,,
5.1302.0565053,Bomba Hidráulica Massey Ferguson MF A-016 - Trator 4299,ACTIVE,ecommerce_padrao,0014_565053_Livenza_5_1302_0565053_att143_p1_foto_3d_ecommerce.png | 0014_565053_Livenza_5_1302_0565053_att143_p1_desenho_tec.png,,
5.1301.0565001,Bomba Hidráulica Ford New Holland CNH A-001 - 5600/6600/7600/7700,ACTIVE,ecommerce_padrao,0269_565001_Livenza_5_1301_0565001-CT_0_att108_p1_foto_3d_ecommerce.png | 0269_565001_Livenza_5_1301_0565001-CT_0_att108_p1_desenho_tec.png | livenza_5.1301.0565001-CT_REV._0_p1.png,,
5.1301.0565002,Bomba Hidráulica Principal Ford New Holland CNH A-002 - 5610/7610/7810,ACTIVE,ecommerce_padrao,0270_565002_Dimensiones_5_1301_0565002-CT_0_att3_p1_foto_3d_ecommerce.png | 0270_565002_Dimensiones_5_1301_0565002-CT_0_att3_p1_desenho_tec.png | livenza_5.1301.0565002-CT_REV._0_p1.png,,
5.1301.0565004,Bomba Hidráulica Ford New Holland CNH A-004 - 340/2910/3930/4630,ACTIVE,ecommerce_padrao,0268_565004_Livenza_5_1301_0565004-CT_A_att109_p1_foto_3d_ecommerce.png | 0268_565004_Livenza_5_1301_0565004-CT_A_att109_p1_desenho_tec.png | LIVENZA_5.1301.0565004_ecommerce.png,LIVENZA_5.1301.0565004_ecommerce.png,
5.0220.0548836,Bomba de Direção Massey Ferguson 194-4F/362/365/372/390,ACTIVE,ecommerce_padrao,0012_548836_Livenza_5_0220_0548836-CT_0_att101_p1_foto_3d_ecommerce.png | 0012_548836_Livenza_5_0220_0548836-CT_0_att101_p1_desenho_tec.png | livenza_5.0220.0548836-CT_REV._0_p1.png,,
5.0203.0540803,Bomba Hidráulica Massey Ferguson MF85X/185/275/285/290 - Direção,ACTIVE,jpg_simples,LIVENZA_5.0203.0540803_ecommerce.png,,
5.0220.0547202,Bomba Hidráulica Valtra-Valmet 62/65/68/85/86/88/78EL - Principal,ACTIVE,ecommerce_padrao,0021_547202_Livenza_5_0220_0547202-CT_0_att85_p1_foto_3d_ecommerce.png | 0021_547202_Livenza_5_0220_0547202-CT_0_att85_p1_desenho_tec.png,,
5.0220.0547207,Bomba Hidráulica Massey Ferguson MF290/292 4x4 - Principal e Direção,ACTIVE,jpg_simples,LIVENZA_5.0220.0547207_ecommerce.jpg,,
5.0220.0547216,Bomba Hidráulica Massey Ferguson 296-4/297-4/299-4 - Principal,ACTIVE,ecommerce_padrao,0782_547216_Livenza_5_0220_0547216-CT_0_att92_p1_foto_3d_ecommerce.png | 0782_547216_Livenza_5_0220_0547216-CT_0_att92_p1_desenho_tec.png,,
5.0220.0548817,Bomba Hidráulica Massey Ferguson 283/290/292/L5000 - Direção e Levante,ACTIVE,jpg_simples,LIVENZA_5.0220.0548817_ecommerce.jpg,,
5.1301.0565029,Bomba Hidráulica New Holland TC57 - Colhedeira CNH A-020,ACTIVE,jpg_simples,LIVENZA_5.1301.0565029_ecommerce.png,,
5.0209.0547219,Bomba Hidráulica John Deere Colhedeira 1150/1165/1185/7300/7500/8500,ACTIVE,so_desenho_tecnico,0672_565032_Livenza_5_0220_0547219-CT_0_att93_p1_desenho_tec.png,,
5.1305.0565077,Bomba Hidráulica John Deere A-005 - Série 5000/5010/5020/6000,ACTIVE,ecommerce_padrao,0667_565077_Livenza_5_1305_0565077_att149_p1_foto_3d_ecommerce.png | 0667_565077_Livenza_5_1305_0565077_att149_p1_desenho_tec.png,,
GR141207,GPS Agrícola GR200 - Greco Agro Tech | Navegação de Precisão,ACTIVE,ecommerce_padrao,greco_GR141207_ecommerce.png,,
GR141165,Kit de Iluminação Noturna Pulverização - Greco Agro Tech,ACTIVE,ecommerce_padrao,greco_GR141165_ecommerce.png,,
GR140990-30M,Kit Ponta de Cerca 30 Metros - Greco Agro Tech,ACTIVE,ecommerce_padrao,greco_GR140990-30M_ecommerce.png,,
GR140682,Sensor de Levante Haste - Greco Agro Tech | Precision Planting PM400,ACTIVE,ecommerce_padrao,greco_GR140682_ecommerce.png,,
GR140012,Sensor de Levante Corrente - Greco Agro Tech | Precision Planting PM400,ACTIVE,ecommerce_padrao,greco_GR140012_ecommerce.png,,
GR142398,Monitor de Fluxo de Sementes GR500 - Greco Agro Tech,ACTIVE,ecommerce_padrao,greco_GR142398_ecommerce.png,,
GR142226,"Sensor de Fluxo 25,4mm - Greco Agro Tech | Precision Planting PM400",ACTIVE,ecommerce_padrao,greco_GR142226_ecommerce.png,,
GR142227,Sensor de Fluxo 32mm - Greco Agro Tech | Precision Planting PM400,ACTIVE,ecommerce_padrao,greco_GR142227_ecommerce.png,,
GR142228,"Sensor de Fluxo 50,8mm - Greco Agro Tech | Precision Planting PM400",ACTIVE,ecommerce_padrao,greco_GR142228_ecommerce.png,,
GR142229,Sensor de Semente - Greco Agro Tech | Precision Planting PM400,ACTIVE,ecommerce_padrao,greco_GR142229_ecommerce.png,,
ACX3266690,Suporte do Dosador - AGCO ACX3266690 | Plantadeira Momentum,ACTIVE,ecommerce_padrao,agco_ACX3266690_ecommerce_1.png | agco_ACX3266690_ecommerce_2.png | agco_ACX3266690_ecommerce_3.png,,
ACX3454710,Conjunto Montado Reservatório de Sementes Mecânico - AGCO ACX3454710,ACTIVE,ecommerce_padrao,agco_ACX3454710_ecommerce_1.png | agco_ACX3454710_ecommerce_2.png | agco_ACX3454710_ecommerce_3.png | agco_ACX3454710_ecommerce_4.png,,
ACW0551840,Condutor de Sementes para Sensor - AGCO ACW0551840,ACTIVE,ecommerce_padrao,agco_ACW0551840_ecommerce_1.png | agco_ACW0551840_ecommerce_2.png,,
33070004,Condutor Reto de Sementes - AGCO 33070004,ACTIVE,ecommerce_padrao,agco_33070004_ecommerce.png,,
ACX3473430,Tampa Maior do Tubo - AGCO ACX3473430,ACTIVE,jpg_simples,AGCO_ACX3473430_ecommerce_1.png | AGCO_ACX3473430_ecommerce_2.png,,
ACX363311B,Copo Venturi B - AGCO ACX363311B | Dosador Pneumático,ACTIVE,ecommerce_padrao,agco_ACX363311B_ecommerce.png,,
ACX363311C,Copo Venturi C - AGCO ACX363311C | Dosador Pneumático,ACTIVE,ecommerce_padrao,agco_ACX363311C_ecommerce.png,,
ACX3601860,Copo Venturi - AGCO ACX3601860 | Dosador Pneumático,ACTIVE,ecommerce_padrao,AGCO_ACX3601860_ecommerce_1.png | AGCO_ACX3601860_ecommerce_2.png,,
ACX283890A,Vedação Tubo de Ar - AGCO ACX283890A | Sistema Pneumático,ACTIVE,ecommerce_padrao,AGCO_ACX283890A_ecommerce.png,,
ACX310603A,Manípulo Pneumático - AGCO ACX310603A,ACTIVE,ecommerce_padrao,agco_ACX310603A_ecommerce.png,,
ACX2414460,Conjunto Adaptador de Vácuo - AGCO ACX2414460,ACTIVE,ecommerce_padrao,agco_ACX2414460_ecommerce.png,,
ACX3371800,Bocal Cotovelo de Vácuo - AGCO ACX3371800,ACTIVE,ecommerce_padrao,agco_ACX3371800_ecommerce.png,,
7038105M1,Acoplamento do Condutor - Massey Ferguson 7038105M1,ACTIVE,ecommerce_padrao,agco_7038105M1_ecommerce.png,,
7038106M1,Acoplamento da Curva - Massey Ferguson 7038106M1,ACTIVE,ecommerce_padrao,agco_7038106M1_ecommerce.png,,
ACX2865730,Tampa do Módulo SRM - AGCO ACX2865730 | Monitor de Linhas,ACTIVE,sem_imagem,,,
ACX5458940,Proteção SRM - AGCO ACX5458940 | Monitor de Linhas,ACTIVE,ecommerce_padrao,agco_ACX5458940_ecommerce.png,,
4383927M4,Dobradiça Esquerda Inferior - Massey Ferguson 4383927M4,ACTIVE,ecommerce_padrao,AGCO_4383927M4_ecommerce_1.png | AGCO_4383927M4_ecommerce_2.png,,
4383923M4,Dobradiça Esquerda Superior - Massey Ferguson 4383923M4,ACTIVE,ecommerce_padrao,AGCO_4383923M4_ecommerce_1.png | AGCO_4383923M4_ecommerce_2.png,,
4383933M4,Dobradiça Direita Superior - Massey Ferguson 4383933M4,ACTIVE,ecommerce_padrao,AGCO_4383933M4_ecommerce_1.png | AGCO_4383933M4_ecommerce_2.png,,
4383934M4,Dobradiça Direita Inferior - Massey Ferguson 4383934M4,ACTIVE,ecommerce_padrao,AGCO_4383934M4_ecommerce_1.png | AGCO_4383934M4_ecommerce_2.png,,
ACX329796A,Defletor do Radiador - AGCO ACX329796A,ACTIVE,ecommerce_padrao,agco_ACX329796A_ecommerce.png,,
H-102724,Dedo Retrátil Quadrado - John Deere H-102724 | Plataforma de Corte,ACTIVE,ecommerce_padrao,JOHN_DEERE_H-102724_ecommerce.png,,
H-169914,Dedo Retrátil - John Deere H-169914 | Plataforma de Corte Séries 600/700,ACTIVE,ecommerce_padrao,JOHN_DEERE_H-169914_ecommerce.png,,
H-175727,Suporte do Molinete - John Deere H-175727 | Plataforma de Corte,ACTIVE,ecommerce_padrao,JOHN_DEERE_H-175727_ecommerce.png,,
KK31823,Dedo Recolhedor Algodão Grande - John Deere KK31823 | Colhedora de Algodão,ACTIVE,ecommerce_padrao,JOHN_DEERE_KK31823_ecommerce.png,,
KK31824,Dedo Recolhedor Algodão Médio - John Deere KK31824 | Colhedora 7760/CP690,ACTIVE,ecommerce_padrao,JOHN_DEERE_KK31824_ecommerce.png,,
KK31825,Dedo Recolhedor Algodão Pequeno - John Deere KK31825 | Colhedora 7760/CP690,ACTIVE,ecommerce_padrao,JOHN_DEERE_KK31825_ecommerce.png,,
N276747,Tampa Algodão - John Deere N276747 | Colhedora de Algodão,ACTIVE,ecommerce_padrao,JOHN_DEERE_N276747_ecommerce.png,,
A56254,Aro da Tampa do Reservatório Central de Sementes - John Deere A56254 | Plantadeira,ACTIVE,ecommerce_padrao,JOHN_DEERE_A56254_ecommerce.png,,
CQ59313,Caixa de Sementes Mini Hopper - John Deere CQ59313 | Plantadeira a Vácuo,ACTIVE,ecommerce_padrao,JOHN_DEERE_CQ59313_ecommerce.png,,
CQ65827,Condutor de Adubo - John Deere CQ65827 | Plantadeiras Séries 1100/2100,ACTIVE,ecommerce_padrao,JOHN_DEERE_CQ65827_ecommerce.png,,
CQ54137,Condutor de Sementes em S - John Deere CQ54137 | Plantadeira,ACTIVE,ecommerce_padrao,JOHN_DEERE_CQ54137_ecommerce.png,,
AA67780,Condutor de Sementes em Acrílico - John Deere AA67780 | Plantadeira MaxEmerge,ACTIVE,ecommerce_padrao,JOHN_DEERE_AA67780_ecommerce.png,,
CQ73378,Condutor de Sementes - John Deere CQ73378 | Plantadeira,ACTIVE,ecommerce_padrao,JOHN_DEERE_CQ73378_ecommerce.png,,
A75169,Conexão Pipoqueira - John Deere A75169 | Plantadeira a Vácuo,ACTIVE,ecommerce_padrao,JOHN_DEERE_A75169_ecommerce.png,,
A71321,Engate do Condutor - John Deere A71321 | Plantadeira a Vácuo,ACTIVE,ecommerce_padrao,JOHN_DEERE_A71321_ecommerce.png,,
A72758,Peneira Mini Hopper - John Deere A72758 | Plantadeira a Vácuo,ACTIVE,ecommerce_padrao,JOHN_DEERE_A72758_ecommerce.png,,
A78269,Tampa do Reservatório Central de Sementes - John Deere A78269 | Plantadeira,ACTIVE,ecommerce_padrao,JOHN_DEERE_A78269_ecommerce.png,,
A74430,Engate Hidráulico Rápido - John Deere A74430 | Plantadeira,ACTIVE,ecommerce_padrao,JOHN_DEERE_A74430_ecommerce.png,,
6424-4005,Acabamento Lateral do Reservatório de Sementes - Stara 6424-4005 | Plantadeira Estrela,ACTIVE,sem_imagem,,,
6117-4170,Abraçadeira Batente - Stara 6117-4170 | Plantadeira,ACTIVE,sem_imagem,,,
6424-4004,Reservatório de Sementes Fechado - Stara 6424-4004 | Plantadeira,ACTIVE,sem_imagem,,,
8031-4009,Bico Central 45/50 - Stara 8031-4009 | Plataforma de Milho Brava,ACTIVE,ecommerce_padrao,STARA_8031-4009_ecommerce.png | STARA_8031-4009_ecommerce_2.jpg | STARA_8031-4009_ecommerce_3.png,,
6424-4028,Bocal da Pipoqueira - Stara 6424-4028 | Plantadeira Estrela,ACTIVE,ecommerce_padrao,STARA_6424-4028_ecommerce_1.png | STARA_6424-4028_ecommerce_2.png,,
6424-4026,Conexão da Mangueira de Sementes - Stara 6424-4026 | Plantadeira Estrela,ACTIVE,ecommerce_padrao,STARA_6424-4026_ecommerce.png,,
8031-4010,Carenagem Central - Stara 8031-4010 | Plataforma de Milho Brava,ACTIVE,ecommerce_padrao,STARA_8031-4010_ecommerce.png,,
6426-1113,Barra Guia dos Pantógrafos - Stara 6426-1113 | Plantadeira,ACTIVE,sem_imagem,,,
6445-4035,Base da Escova Superior - Stara 6445-4035 | Plantadeira,ACTIVE,sem_imagem,,,
6445-4041,Base da Comporta - Stara 6445-4041 | Plantadeira,ACTIVE,sem_imagem,,,
7310-5946,Suporte do Display Topper 5500 - Stara 7310-5946 | Trator,ACTIVE,sem_imagem,,,
7920-4426,Tampa ABS do Gabinete ECU Light Control - Stara 7920-4426 | Trator,ACTIVE,sem_imagem,,,
1084-4162,Degrau da Escada - Stara 1084-4162 | Plantadeira,ACTIVE,sem_imagem,,,
6445-4040,Perfil da Ponta da Palheta - Stara 6445-4040 | Plantadeira,ACTIVE,sem_imagem,,,
6445-4042,Comporta de Semente - Stara 6445-4042 | Plantadeira,ACTIVE,sem_imagem,,,
6039-4130,"Tubo Condutor 56,5/62,5x107 - Stara 6039-4130 | Plantadeira",ACTIVE,sem_imagem,,,
6117-4142,Bucha do Mancal Pantográfico - Stara 6117-4142 | Linha de Plantio,ACTIVE,ecommerce_padrao,STARA_6117-4142_ecommerce.png,,
6123-4506,Calota Chapéu - Stara 6123-4506 | Plantadeira,ACTIVE,sem_imagem,,,
7310-4832,Visor de Acrílico 153x190x2 - Stara 7310-4832 | Trator,ACTIVE,sem_imagem,,,
6424-4008,Peneira do Reservatório de Sementes - Stara 6424-4008 | Plantadeira,ACTIVE,sem_imagem,,,
6112-4193,Calço do Conector de Polipropileno - Stara 6112-4193 | Plantadeira,ACTIVE,sem_imagem,,,
6117-4294,Tampa do Cubo de Semente - Stara 6117-4294 | Plantadeira,ACTIVE,sem_imagem,,,
6424-4092,Tampa do Reservatório Central de Sementes - Stara 6424-4092 | Plantadeira,ACTIVE,sem_imagem,,,
8031-4008,Ponteira do Bico - Stara 8031-4008 | Plataforma de Milho Brava,ACTIVE,ecommerce_padrao,STARA_8031-4008_ecommerce.png | STARA_8031-4008_ecommerce_2.jpg,,
10110-4158,Chave do Capô - Stara 10110-4158 | Trator,ACTIVE,sem_imagem,,,
6112-4192,Conector Telescópico Preto - Stara 6112-4192 | Plantadeira,ACTIVE,sem_imagem,,,
6117-4251,Distribuidor de Semente de Pastagem - Stara 6117-4251 | Plantadeira,ACTIVE,sem_imagem,,,
6123-4126,Conector Telescópico Preto Menor - Stara 6123-4126 | Plantadeira,ACTIVE,sem_imagem,,,
6424-4003,Tampa do Reservatório de Sementes - Stara 6424-4003 | Plantadeira,ACTIVE,sem_imagem,,,
6424-4013,Condutor de Adubo Disco Duplo - Stara 6424-4013 | Plantadeira Estrela,ACTIVE,ecommerce_padrao,STARA_6424-4013_ecommerce.png,,
6435-3320,Carenagem Traseira - Stara 6435-3320 | Plantadeira,ACTIVE,sem_imagem,,,
6424-4006,Condutor Curvo de Adubo - Stara 6424-4006 | Plantadeira,ACTIVE,sem_imagem,,,
6424-4009,Bocal de Alimentação Grande - Stara 6424-4009 | Plantadeira,ACTIVE,sem_imagem,,,
6424-4022,Conexão do Tubo de Pressão - Stara 6424-4022 | Plantadeira,ACTIVE,sem_imagem,,,
6424-4027,Tampão da Mangueira de Sementes - Stara 6424-4027 | Plantadeira,ACTIVE,sem_imagem,,,
IPCX03009065,Giro do Molinete 2 - GTS IPCX03009065 | Plataforma de Corte,ACTIVE,ecommerce_padrao,GTS_IPCX03009065_ecommerce.png,,
IPCX03009064,Giro do Molinete 1 - GTS IPCX03009064 | Plataforma de Corte,ACTIVE,ecommerce_padrao,GTS_IPCX03009064_ecommerce.png,,
IPCX05009034,Rótula do Molinete - GTS IPCX05009034 | Plataforma de Corte,ACTIVE,ecommerce_padrao,GTS_IPCX05009034_ecommerce.png,,
IPCX03007010,Dedo do Molinete - GTS IPCX03007010 | Plataforma de Corte,ACTIVE,ecommerce_padrao,GTS_IPCX03007010_ecommerce_1.png | GTS_IPCX03007010_ecommerce_2.png,,
IPCX03006056,Mancal do Dedo Retrátil - GTS IPCX03006056 | Caracol da Plataforma,ACTIVE,ecommerce_padrao,GTS_IPCX03006056_ecommerce.png,,
IPCX03006047,Guia do Dedo Retrátil - GTS IPCX03006047 | Caracol da Plataforma,ACTIVE,ecommerce_padrao,GTS_IPCX03006047_ecommerce.png,,
5.1621.0680005.0,Motor Hidráulico MLR 160 - Plantadeira AGCO (C3.C2.P5),ACTIVE,sem_imagem,,,
5.1302.0565122.0,Bomba de Aplicação Massey Ferguson A-028 (ACX5148180) Giro I - 5.1302.0565122.0,ACTIVE,sem_imagem,,,
5.1302.0565120.0,Motor de Aplicação Massey Ferguson A-026 (ACX4630870) Giro D - 5.1302.0565120.0,ACTIVE,sem_imagem,,,
5.0220.0548917.0,"Bomba Hidráulica 16 Principal e Direção - Trator Valtra (E2.B8.B2/14, Placa H15)",ACTIVE,sem_imagem,,,
5.0220.L026997.0,"Bomba Hidráulica 22,5 Principal - Trator Valtra (E2.B8.B112/16.B4/16)",ACTIVE,sem_imagem,,,
5.5211.L026234.0,Motor Hidráulico da Hélice MRBO 26 - Case 845B/865B/885B,ACTIVE,sem_imagem,,,
5.5210.L011190.0,"Motor Hidráulico do Ventilador MUI BO 22,5 - Pá Carregadeira Case/New Holland",ACTIVE,sem_imagem,,,
5.0220.0548911.0,Bomba Hidráulica 19 Principal - Trator New Holland TL75E (E5.P.B2/14),ACTIVE,sem_imagem,,,
5.0211.L026819.0,Bomba Hidráulica 26 - Trator Case/New Holland (E18.C22.A119.D6),ACTIVE,sem_imagem,,,
5.0211.L026849.0,Bomba Hidráulica 26 Auxiliar e Direção - Trator New Holland (E18.C22.A119.D11),ACTIVE,sem_imagem,,,
5.0211.L027018.0,Bomba Hidráulica 25 Levante - Trator New Holland (B107.B20.B118),ACTIVE,sem_imagem,,,
5.1301.0565055.0,Bomba de Aplicação New Holland A-048 (47441313) Giro I - 5.1301.0565055.0,ACTIVE,sem_imagem,,,
5.1301.0565054.0,Bomba de Aplicação New Holland A-047 (47439228) Giro D - 5.1301.0565054.0,ACTIVE,sem_imagem,,,
5.0210.L026250.0,Bomba Hidráulica 16 Direção e Transmissão - Trator New Holland (B15.B14.A14.D5),ACTIVE,jpg_simples,LIVENZA_5.0210.L026250.0_ecommerce.png,,
5.0209.L026780.0,Bomba Hidráulica 19 Direção e Transmissão - Trator New Holland (B15.B14.B19.D5),ACTIVE,sem_imagem,,,
5.1621.0670036.1,Motor Hidráulico MLSW 395 - John Deere CB11480557 | Colhedora de Cana,ACTIVE,sem_imagem,,,
5.1621.0670037.1,Motor Hidráulico MLSW 80 - John Deere CB11480555 | Colhedora de Cana,ACTIVE,sem_imagem,,,
5.1621.0670038.1,Motor Hidráulico MLSW 305 - John Deere CB11480558 | Colhedora de Cana,ACTIVE,sem_imagem,,,
5.1621.0670039.1,Motor Hidráulico MLSW 395 - John Deere CB11480559 | Colhedora de Cana,ACTIVE,sem_imagem,,,
5.1621.0670040.1,Motor Hidráulico MLSW 495 - John Deere CB11480560 | Colhedora de Cana,ACTIVE,sem_imagem,,,
5.1305.0565094.0,Bomba de Aplicação John Deere A-008 (DQ33772) Giro D - 5.1305.0565094.0,ACTIVE,sem_imagem,,,
5.1305.0565032.0,Bomba de Aplicação John Deere A-001 (RE223233) Giro I - 5.1305.0565032.0,ACTIVE,jpg_simples,LIVENZA_5.1305.0565032.0_ecommerce.jpg,,
5.1305.0565115.0,Bomba de Aplicação JD (AL200830) Giro D - 5.1305.0565115.0,ACTIVE,sem_imagem,,,
5.1302.0565086.0,Bomba de Aplicação Massey Ferguson A-021 (ACX3124760) Giro I - 5.1302.0565086.0,ACTIVE,sem_imagem,,,
5.1302.0565087.0,Bomba de Aplicação Massey Ferguson A-022 (ACX3124770) Giro I - 5.1302.0565087.0,ACTIVE,sem_imagem,,,
5.1302.0565088.0,Bomba de Aplicação Massey Ferguson A-601 (ACX3125900) Giro I - 5.1302.0565088.0,ACTIVE,sem_imagem,,,
5.1302.0565089.0,Bomba de Aplicação Massey Ferguson A-024 (ACX3125910) Giro I - 5.1302.0565089.0,ACTIVE,sem_imagem,,,
5.1302.L027041.0,Bomba de Aplicação MF-AX (ACW6839870) Giro I - 5.1302.L027041.0,ACTIVE,sem_imagem,,,
5.0220.L025598.0,Bomba Hidráulica 26 Principal - Trator Valtra-Valmet (E2.B8.B110/16),ACTIVE,sem_imagem,,,
ACW0551840-KIT25,Condutor de Sementes para Sensor - Kit 25 Unidades - AGCO ACW0551840,ACTIVE,ecommerce_padrao,agco_ACW0551840_ecommerce_1.png | agco_ACW0551840_ecommerce_2.png,,
ACX2865730-KIT60,Tampa do Módulo SRM - Kit 60 Unidades - AGCO ACX2865730,ACTIVE,sem_imagem,,,
ACX2719210,Conjunto Montado Joelho - AGCO ACX2719210,ACTIVE,jpg_simples,AGCO_ACX2719210_ecommerce_1.png | AGCO_ACX2719210_ecommerce_2.png,,
ACX2719210-KIT30,Conjunto Montado Joelho - Kit 30 Unidades - AGCO ACX2719210,ACTIVE,jpg_simples,AGCO_ACX2719210_ecommerce_1.png | AGCO_ACX2719210_ecommerce_2.png,,
4383927M4-KIT10,Dobradiça Esquerda Inferior - Kit 10 Unidades - Massey Ferguson 4383927M4,ACTIVE,ecommerce_padrao,AGCO_4383927M4_ecommerce_1.png | AGCO_4383927M4_ecommerce_2.png,,
ACX283890A-KIT10,Vedação Tubo de Ar - Kit 10 Unidades - AGCO ACX283890A,ACTIVE,ecommerce_padrao,AGCO_ACX283890A_ecommerce.png,,
ACX310603A-KIT50,Manípulo Pneumático - Kit 50 Unidades - AGCO ACX310603A,ACTIVE,ecommerce_padrao,agco_ACX310603A_ecommerce.png,,
ACX363311C-KIT60,Copo Venturi C - Kit 60 Unidades - AGCO ACX363311C,ACTIVE,ecommerce_padrao,AGCO_ACX3601860_ecommerce_2.png,,
ACX363311B-KIT60,Copo Venturi B - Kit 60 Unidades - AGCO ACX363311B,ACTIVE,ecommerce_padrao,AGCO_ACX3601860_ecommerce_1.png,,
ACX2414460-KIT20,Conjunto Adaptador de Vácuo - Kit 20 Unidades - AGCO ACX2414460,ACTIVE,ecommerce_padrao,agco_ACX2414460_ecommerce.png,,
ACX3371800-KIT50,Bocal Cotovelo de Vácuo - Kit 50 Unidades - AGCO ACX3371800,ACTIVE,ecommerce_padrao,agco_ACX3371800_ecommerce.png,,
7038105M1-KIT60,Acoplamento do Condutor - Kit 60 Unidades - Massey Ferguson 7038105M1,ACTIVE,ecommerce_padrao,agco_7038105M1_ecommerce.png,,
7038106M1-KIT60,Acoplamento da Curva - Kit 60 Unidades - Massey Ferguson 7038106M1,ACTIVE,ecommerce_padrao,agco_7038106M1_ecommerce.png,,
ACX5458940-KIT40,Proteção SRM - Kit 40 Unidades - AGCO ACX5458940,ACTIVE,ecommerce_padrao,agco_ACX5458940_ecommerce.png,,
ACX3601860-KIT60,Copo Venturi - Kit 60 Unidades - AGCO ACX3601860,ACTIVE,ecommerce_padrao,AGCO_ACX3601860_ecommerce_1.png | AGCO_ACX3601860_ecommerce_2.png,,
4383933M4-KIT10,Dobradiça Direita Superior - Kit 10 Unidades - Massey Ferguson 4383933M4,ACTIVE,ecommerce_padrao,AGCO_4383933M4_ecommerce_1.png | AGCO_4383933M4_ecommerce_2.png,,
4383934M4-KIT10,Dobradiça Direita Inferior - Kit 10 Unidades - Massey Ferguson 4383934M4,ACTIVE,ecommerce_padrao,AGCO_4383934M4_ecommerce_1.png | AGCO_4383934M4_ecommerce_2.png,,
ACX3473430-KIT40,Tampa Maior do Tubo - Kit 40 Unidades - AGCO ACX3473430,ACTIVE,jpg_simples,AGCO_ACX3473430-KIT40_ecommerce.png | AGCO_ACX3473430_ecommerce_2.png,,
33070004-KIT25,Condutor Reto de Sementes - Kit 25 Unidades - AGCO 33070004,ACTIVE,ecommerce_padrao,agco_33070004_ecommerce.png,,
6237989M1,Corpo Bico 1 Polegada e Saídas - AGCO 6237989M1,ACTIVE,jpg_simples,AGCO_6237989M1_ecommerce_1.png | AGCO_6237989M1_ecommerce_2.png,,
6237989M1-KIT10,Corpo Bico 1 Polegada e Saídas - Kit 10 Unidades - AGCO 6237989M1,ACTIVE,jpg_simples,AGCO_6237989M1_ecommerce_1.png | AGCO_6237989M1_ecommerce_2.png,,
ACX363311C-KIT25,Copo Venturi C - Kit 25 Unidades - AGCO ACX363311C,ACTIVE,ecommerce_padrao,AGCO_ACX3601860_ecommerce_2.png,,
ACX363311B-KIT25,Copo Venturi B - Kit 25 Unidades - AGCO ACX363311B,ACTIVE,ecommerce_padrao,AGCO_ACX3601860_ecommerce_1.png,,
ACX3601860-KIT25,Copo Venturi - Kit 25 Unidades - AGCO ACX3601860,ACTIVE,ecommerce_padrao,AGCO_ACX3601860_ecommerce_1.png | AGCO_ACX3601860_ecommerce_2.png,,
H-102724-KIT50,Dedo Retrátil Quadrado - Kit 50 Unidades - John Deere H-102724,ACTIVE,ecommerce_padrao,JOHN_DEERE_H-102724_ecommerce.png,,
H-169914-KIT50,Dedo Retrátil - Kit 50 Unidades - John Deere H-169914,ACTIVE,ecommerce_padrao,JOHN_DEERE_H-169914_ecommerce.png,,
H-175727-KIT50,Suporte do Molinete - Kit 50 Unidades - John Deere H-175727,ACTIVE,ecommerce_padrao,JOHN_DEERE_H-175727_ecommerce.png,,
KK31823-KIT25,Dedo Recolhedor Algodão Grande - Kit 25 Unidades - John Deere KK31823,ACTIVE,ecommerce_padrao,JOHN_DEERE_KK31823_ecommerce.png,,
KK31824-KIT25,Dedo Recolhedor Algodão Médio - Kit 25 Unidades - John Deere KK31824,ACTIVE,ecommerce_padrao,JOHN_DEERE_KK31824_ecommerce.png,,
KK31825-KIT25,Dedo Recolhedor Algodão Pequeno - Kit 25 Unidades - John Deere KK31825,ACTIVE,ecommerce_padrao,JOHN_DEERE_KK31825_ecommerce.png,,
N276747-KIT25,Tampa Algodão - Kit 25 Unidades - John Deere N276747,ACTIVE,ecommerce_padrao,JOHN_DEERE_N276747_ecommerce.png,,
CQ65827-KIT50,Condutor de Adubo - Kit 50 Unidades - John Deere CQ65827,ACTIVE,ecommerce_padrao,JOHN_DEERE_CQ65827_ecommerce.png,,
CQ54137-KIT50,Condutor de Sementes em S - Kit 50 Unidades - John Deere CQ54137,ACTIVE,ecommerce_padrao,JOHN_DEERE_CQ54137_ecommerce.png,,
AA67780-KIT10,Condutor de Sementes em Acrílico - Kit 10 Unidades - John Deere AA67780,ACTIVE,ecommerce_padrao,JOHN_DEERE_AA67780_ecommerce.png,,
CQ73378-KIT30,Condutor de Sementes - Kit 30 Unidades - John Deere CQ73378,ACTIVE,ecommerce_padrao,JOHN_DEERE_CQ73378_ecommerce.png,,
A75169-KIT50,Conexão Pipoqueira - Kit 50 Unidades - John Deere A75169,ACTIVE,ecommerce_padrao,JOHN_DEERE_A75169_ecommerce.png,,
A71321-KIT50,Engate Condutor - Kit 50 Unidades - John Deere A71321,ACTIVE,ecommerce_padrao,JOHN_DEERE_A71321_ecommerce.png,,
A72758-KIT50,Peneira Mini Hopper - Kit 50 Unidades - John Deere A72758,ACTIVE,ecommerce_padrao,JOHN_DEERE_A72758_ecommerce.png,,
A74430-KIT10,Engate Hidráulico Rápido - Kit 10 Unidades - John Deere A74430,ACTIVE,ecommerce_padrao,JOHN_DEERE_A74430_ecommerce.png,,
KK31823-KIT50,Dedo Recolhedor Algodão Grande - Kit 50 Unidades - John Deere KK31823,ACTIVE,ecommerce_padrao,JOHN_DEERE_KK31823_ecommerce.png,,
KK31824-KIT50,Dedo Recolhedor Algodão Médio - Kit 50 Unidades - John Deere KK31824,ACTIVE,ecommerce_padrao,JOHN_DEERE_KK31824_ecommerce.png,,
6424-4005-KIT50,Acabamento Lateral do Reservatório de Sementes - Kit 50 Unidades - Stara 6424-4005,ACTIVE,sem_imagem,,,
6424-4026-KIT50,Conexão da Mangueira de Sementes - Kit 50 Unidades - Stara 6424-4026,ACTIVE,ecommerce_padrao,STARA_6424-4026_ecommerce.png,,
6117-4142-KIT50,Bucha do Mancal Pantográfico - Kit 50 Unidades - Stara 6117-4142,ACTIVE,ecommerce_padrao,STARA_6117-4142_ecommerce.png,,
8031-4008-KIT10,Ponteira do Bico - Kit 10 Unidades - Stara 8031-4008,ACTIVE,ecommerce_padrao,STARA_8031-4008_ecommerce.png | STARA_8031-4008-KIT10_ecommerce.jpg,STARA_8031-4008-KIT10_ecommerce.jpg,
6424-4013-KIT25,Condutor de Adubo Disco Duplo - Kit 25 Unidades - Stara 6424-4013,ACTIVE,ecommerce_padrao,STARA_6424-4013_ecommerce.png,,
IPCX03009065-KIT100,Giro do Molinete 2 - Kit 100 Unidades - GTS IPCX03009065,ACTIVE,ecommerce_padrao,GTS_IPCX03009065_ecommerce.png,,
IPCX03009064-KIT100,Giro do Molinete 1 - Kit 100 Unidades - GTS IPCX03009064,ACTIVE,ecommerce_padrao,GTS_IPCX03009064_ecommerce.png,,
IPCX05009034-KIT75,Rótula do Molinete - Kit 75 Unidades - GTS IPCX05009034,ACTIVE,ecommerce_padrao,GTS_IPCX05009034_ecommerce.png,,
IPCX03007010-KIT20,Dedo do Molinete - Kit 20 Unidades - GTS IPCX03007010,ACTIVE,ecommerce_padrao,GTS_IPCX03007010_ecommerce_1.png | GTS_IPCX03007010_ecommerce_2.png,,
IPCX03007010-KIT50,Dedo do Molinete - Kit 50 Unidades - GTS IPCX03007010,ACTIVE,ecommerce_padrao,GTS_IPCX03007010_ecommerce_1.png | GTS_IPCX03007010_ecommerce_2.png,,
IPCX03007010-KIT100,Dedo do Molinete - Kit 100 Unidades - GTS IPCX03007010,ACTIVE,ecommerce_padrao,GTS_IPCX03007010_ecommerce_1.png | GTS_IPCX03007010_ecommerce_2.png,,
IPCX03006056-KIT60,Mancal do Dedo Retrátil - Kit 60 Unidades - GTS IPCX03006056,ACTIVE,ecommerce_padrao,GTS_IPCX03006056_ecommerce.png,,
IPCX03006047-KIT50,Guia do Dedo Retrátil - Kit 50 Unidades - GTS IPCX03006047,ACTIVE,ecommerce_padrao,GTS_IPCX03006047_ecommerce.png,,
GR140990-20M,Kit Ponta de Cerca 20 Metros - Greco Agro Tech,ACTIVE,ecommerce_padrao,greco_GR140990-30M_ecommerce.png,,
,Tampa de abastecimento 255 mm (Respiro),ACTIVE,jpg_simples,rn-image_picker_lib_temp_9b487199-91e7-481b-82a8-7d90088c55bd.jpg | rn-image_picker_lib_temp_d0f67bdc-76b0-4268-8aad-ee7390560543.jpg | rn-image_picker_lib_temp_50031d05-2bfe-4bdb-bb68-f4a743de7000.jpg,rn-image_picker_lib_temp_50031d05-2bfe-4bdb-bb68-f4a743de7000.jpg | rn-image_picker_lib_temp_9b487199-91e7-481b-82a8-7d90088c55bd.jpg | rn-image_picker_lib_temp_d0f67bdc-76b0-4268-8aad-ee7390560543.jpg,
