sku,acao,resultado
ACX2865730,capa_padrao,ok
6424-4005,capa_padrao,ok
5.1621.0680005.0,generica,ok
5.1302.0565122.0,generica,ok
5.1302.0565120.0,generica,ok
5.0220.0548917.0,generica,ok
5.0220.L026997.0,generica,ok
5.5211.L026234.0,generica,ok
5.5210.L011190.0,generica,ok
5.0220.0548911.0,generica,ok
5.0211.L026819.0,generica,ok
5.0211.L026849.0,generica,ok
5.0211.L027018.0,generica,ok
5.1301.0565055.0,generica,ok
5.1301.0565054.0,generica,ok
5.0209.L026780.0,generica,ok
5.1621.0670036.1,generica,ok
5.1621.0670037.1,generica,ok
5.1621.0670038.1,generica,ok
5.1621.0670039.1,generica,ok
5.1621.0670040.1,generica,ok
5.1305.0565115.0,generica,ok
5.1302.0565086.0,generica,ok
5.1302.0565087.0,generica,ok
5.1302.0565088.0,generica,ok
5.1302.0565089.0,generica,ok
5.1302.L027041.0,generica,ok
5.0220.L025598.0,generica,ok
ACX2865730-KIT60,capa_padrao,ok
6424-4005-KIT50,capa_padrao,ok
APP00001-KIT10,espelho,ok
