SKU,Handle,Campo,Antes,Depois
"APP141207","gps-agricola-gr200-greco-agro-tech-navegacao-de-precisao","titulo","GPS Agrícola GR200 - APP | Navegação de Precisão","GPS Agrícola APP200 - APP | Navegação de Precisão"
"APP141207","gps-agricola-gr200-greco-agro-tech-navegacao-de-precisao","handle","gps-agricola-gr200-greco-agro-tech-navegacao-de-precisao","gps-agricola-app200-navegacao-de-precisao"
"APP141207","gps-agricola-gr200-greco-agro-tech-navegacao-de-precisao","descricao","GR200, GR200, GR141207","→ APP…"
"APP141207","gps-agricola-gr200-greco-agro-tech-navegacao-de-precisao","tags","GR141207→APP141207, gr200→app200",""
"APP141207","gps-agricola-gr200-greco-agro-tech-navegacao-de-precisao","alt","capa-app-v2 | GPS Agrícola GR200 - APP – Cód. GR141207 | APP Agro Peças Padrão","capa-app-v2 | GPS Agrícola APP200 - APP – Cód. APP141207 | APP Agro Peças Padrão"
"APP141207","gps-agricola-gr200-greco-agro-tech-navegacao-de-precisao","alt","GPS Agrícola GR200 — Greco Agro Tech | Navegação de Precisão","GPS Agrícola APP200 — APP | Navegação de Precisão"
"APP141165","kit-de-iluminacao-noturna-pulverizacao-greco-agro-tech","handle","kit-de-iluminacao-noturna-pulverizacao-greco-agro-tech","kit-de-iluminacao-noturna-pulverizacao-app"
"APP141165","kit-de-iluminacao-noturna-pulverizacao-greco-agro-tech","descricao","GR141165","→ APP…"
"APP141165","kit-de-iluminacao-noturna-pulverizacao-greco-agro-tech","tags","GR141165→APP141165",""
"APP141165","kit-de-iluminacao-noturna-pulverizacao-greco-agro-tech","alt","capa-app-v2 | Kit de Iluminação Noturna Pulverização - APP – Cód. GR141165 | APP Agro Peças Padrão","capa-app-v2 | Kit de Iluminação Noturna Pulverização - APP – Cód. APP141165 | APP Agro Peças Padrão"
"APP141165","kit-de-iluminacao-noturna-pulverizacao-greco-agro-tech","alt","Kit de Iluminação Noturna Pulverização — Greco Agro Tech","Kit de Iluminação Noturna Pulverização — APP"
"APP140990-30M","kit-ponta-de-cerca-greco-agro-tech","handle","kit-ponta-de-cerca-greco-agro-tech","kit-ponta-de-cerca-30-metros-app"
"APP140990-30M","kit-ponta-de-cerca-greco-agro-tech","descricao","GR140990-30M","→ APP…"
"APP140990-30M","kit-ponta-de-cerca-greco-agro-tech","alt","capa-app-v2 | Kit Ponta de Cerca 30 Metros - APP – Cód. GR140990 | APP Agro Peças Padrão","capa-app-v2 | Kit Ponta de Cerca 30 Metros - APP – Cód. APP140990 | APP Agro Peças Padrão"
"APP140990-30M","kit-ponta-de-cerca-greco-agro-tech","alt","Kit Ponta de Cerca — Greco Agro Tech","Kit Ponta de Cerca — APP"
"APP140990-30M","kit-ponta-de-cerca-greco-agro-tech","alt","Kit Ponta de Cerca — Greco Agro Tech","Kit Ponta de Cerca — APP"
"APP140682","sensor-de-levante-haste-greco-agro-tech-precision-planting-pm400","handle","sensor-de-levante-haste-greco-agro-tech-precision-planting-pm400","sensor-de-levante-haste-app-precision-planting-pm400"
"APP140682","sensor-de-levante-haste-greco-agro-tech-precision-planting-pm400","descricao","GR140682","→ APP…"
"APP140682","sensor-de-levante-haste-greco-agro-tech-precision-planting-pm400","tags","GR140682→APP140682",""
"APP140682","sensor-de-levante-haste-greco-agro-tech-precision-planting-pm400","alt","capa-app-v2 | Sensor de Levante Haste - APP – Cód. GR140682 | APP Agro Peças Padrão","capa-app-v2 | Sensor de Levante Haste - APP – Cód. APP140682 | APP Agro Peças Padrão"
"APP140682","sensor-de-levante-haste-greco-agro-tech-precision-planting-pm400","alt","Sensor de Levante Haste — Greco Agro Tech | Precision Planting PM400","Sensor de Levante Haste — APP | Precision Planting PM400"
"APP140012","sensor-de-levante-corrente-greco-agro-tech-precision-planting-pm400","handle","sensor-de-levante-corrente-greco-agro-tech-precision-planting-pm400","sensor-de-levante-corrente-app-precision-planting-pm400"
"APP140012","sensor-de-levante-corrente-greco-agro-tech-precision-planting-pm400","descricao","GR140012","→ APP…"
"APP140012","sensor-de-levante-corrente-greco-agro-tech-precision-planting-pm400","tags","GR140012→APP140012",""
"APP140012","sensor-de-levante-corrente-greco-agro-tech-precision-planting-pm400","alt","capa-app-v2 | Sensor de Levante Corrente - APP – Cód. GR140012 | APP Agro Peças Padrão","capa-app-v2 | Sensor de Levante Corrente - APP – Cód. APP140012 | APP Agro Peças Padrão"
"APP140012","sensor-de-levante-corrente-greco-agro-tech-precision-planting-pm400","alt","Sensor de Levante Corrente — Greco Agro Tech | Precision Planting PM400","Sensor de Levante Corrente — APP | Precision Planting PM400"
"APP142398","monitor-de-fluxo-de-sementes-gr500-greco-agro-tech","titulo","Monitor de Fluxo de Sementes GR500 - APP","Monitor de Fluxo de Sementes APP500 - APP"
"APP142398","monitor-de-fluxo-de-sementes-gr500-greco-agro-tech","handle","monitor-de-fluxo-de-sementes-gr500-greco-agro-tech","monitor-de-fluxo-de-sementes-app500"
"APP142398","monitor-de-fluxo-de-sementes-gr500-greco-agro-tech","descricao","GR500, GR500, GR500, GR142398","→ APP…"
"APP142398","monitor-de-fluxo-de-sementes-gr500-greco-agro-tech","tags","GR142398→APP142398, gr500→app500",""
"APP142398","monitor-de-fluxo-de-sementes-gr500-greco-agro-tech","alt","capa-app-v2 | Monitor de Fluxo de Sementes GR500 - APP – Cód. GR142398 | APP Agro Peças Padrão","capa-app-v2 | Monitor de Fluxo de Sementes APP500 - APP – Cód. APP142398 | APP Agro Peças Padrão"
"APP142398","monitor-de-fluxo-de-sementes-gr500-greco-agro-tech","alt","Monitor de Fluxo de Sementes GR500 — Greco Agro Tech","Monitor de Fluxo de Sementes APP500 — APP"
"APP142226","sensor-de-fluxo-25-4mm-greco-agro-tech-precision-planting-pm400","handle","sensor-de-fluxo-25-4mm-greco-agro-tech-precision-planting-pm400","sensor-de-fluxo-25-4mm-app-precision-planting-pm400"
"APP142226","sensor-de-fluxo-25-4mm-greco-agro-tech-precision-planting-pm400","descricao","GR142226","→ APP…"
"APP142226","sensor-de-fluxo-25-4mm-greco-agro-tech-precision-planting-pm400","tags","GR142226→APP142226",""
"APP142226","sensor-de-fluxo-25-4mm-greco-agro-tech-precision-planting-pm400","alt","capa-app-v2 | Sensor de Fluxo 25,4mm - APP – Cód. GR142226 | APP Agro Peças Padrão","capa-app-v2 | Sensor de Fluxo 25,4mm - APP – Cód. APP142226 | APP Agro Peças Padrão"
"APP142227","sensor-de-fluxo-32mm-greco-agro-tech-precision-planting-pm400","handle","sensor-de-fluxo-32mm-greco-agro-tech-precision-planting-pm400","sensor-de-fluxo-32mm-app-precision-planting-pm400"
"APP142227","sensor-de-fluxo-32mm-greco-agro-tech-precision-planting-pm400","descricao","GR142227","→ APP…"
"APP142227","sensor-de-fluxo-32mm-greco-agro-tech-precision-planting-pm400","tags","GR142227→APP142227",""
"APP142227","sensor-de-fluxo-32mm-greco-agro-tech-precision-planting-pm400","alt","capa-app-v2 | Sensor de Fluxo 32mm - APP – Cód. GR142227 | APP Agro Peças Padrão","capa-app-v2 | Sensor de Fluxo 32mm - APP – Cód. APP142227 | APP Agro Peças Padrão"
"APP142228","sensor-de-fluxo-50-8mm-greco-agro-tech-precision-planting-pm400","handle","sensor-de-fluxo-50-8mm-greco-agro-tech-precision-planting-pm400","sensor-de-fluxo-50-8mm-app-precision-planting-pm400"
"APP142228","sensor-de-fluxo-50-8mm-greco-agro-tech-precision-planting-pm400","descricao","GR142228","→ APP…"
"APP142228","sensor-de-fluxo-50-8mm-greco-agro-tech-precision-planting-pm400","tags","GR142228→APP142228",""
"APP142228","sensor-de-fluxo-50-8mm-greco-agro-tech-precision-planting-pm400","alt","capa-app-v2 | Sensor de Fluxo 50,8mm - APP – Cód. GR142228 | APP Agro Peças Padrão","capa-app-v2 | Sensor de Fluxo 50,8mm - APP – Cód. APP142228 | APP Agro Peças Padrão"
"APP142229","sensor-de-semente-greco-agro-tech-precision-planting-pm400","handle","sensor-de-semente-greco-agro-tech-precision-planting-pm400","sensor-de-semente-app-precision-planting-pm400"
"APP142229","sensor-de-semente-greco-agro-tech-precision-planting-pm400","descricao","GR142229","→ APP…"
"APP142229","sensor-de-semente-greco-agro-tech-precision-planting-pm400","tags","GR142229→APP142229",""
"APP142229","sensor-de-semente-greco-agro-tech-precision-planting-pm400","alt","capa-app-v2 | Sensor de Semente - APP – Cód. GR142229 | APP Agro Peças Padrão","capa-app-v2 | Sensor de Semente - APP – Cód. APP142229 | APP Agro Peças Padrão"
"APP142229","sensor-de-semente-greco-agro-tech-precision-planting-pm400","alt","Sensor de Semente — Greco Agro Tech | Precision Planting PM400","Sensor de Semente — APP | Precision Planting PM400"
"APP140990-20M","kit-ponta-de-cerca-20-metros-greco-agro-tech","handle","kit-ponta-de-cerca-20-metros-greco-agro-tech","kit-ponta-de-cerca-20-metros-app"
"APP140990-20M","kit-ponta-de-cerca-20-metros-greco-agro-tech","descricao","GR140990-20M","→ APP…"
"APP140990-20M","kit-ponta-de-cerca-20-metros-greco-agro-tech","metafield:part_number","GR140990","APP140990"
"APP140990-20M","kit-ponta-de-cerca-20-metros-greco-agro-tech","alt","capa-app-v2 | Kit Ponta de Cerca 20 Metros - APP – Cód. GR140990 | APP Agro Peças Padrão","capa-app-v2 | Kit Ponta de Cerca 20 Metros - APP – Cód. APP140990 | APP Agro Peças Padrão"
"APP140990-20M","kit-ponta-de-cerca-20-metros-greco-agro-tech","alt","Kit Ponta de Cerca — Greco Agro Tech","Kit Ponta de Cerca — APP"
"APP140990-20M","kit-ponta-de-cerca-20-metros-greco-agro-tech","alt","Kit Ponta de Cerca — Greco Agro Tech","Kit Ponta de Cerca — APP"
