sku,titulo,preco_site,acao
5.0220.0548824-2,Bomba Hidráulica Dupla Valtra-Valmet BH160,1942.57,JÁ RESOLVIDO: linha existe como 5.0220.0548824.0; script 05 corrige o SKU
5.0209.0547219,Bomba Hidráulica John Deere Colhedeira 1150/1165/1185/7300/7500/8500,1819.36,Sem linha na master — cadastrar (bomba JD colhedeira)
GR140990-30M,Kit Ponta de Cerca 30 Metros - Greco Agro Tech,1830.32,"Planilha tem 1 linha GR140990 (R$1830,32); site tem 20M e 30M com o MESMO preço — confirmar preço do 30M com fornecedor"
ACX2865730,Tampa do Módulo SRM - AGCO ACX2865730 | Monitor de Linhas,25.31,Linha em rascunho/sem preço na master — preencher custo+frete e ativar
KK31823,DEDO RECOLHEDOR ALGODÃO GRANDE - KK31823,454.66,Linha em rascunho/sem preço na master — preencher custo+frete e ativar
CQ73378,CONDUTOR PLANTADEIRA JOHN DEERE - CQ73378,11.8,Linha em rascunho/sem preço na master — preencher custo+frete e ativar
6117-4170,ABRAÇADEIRA BATENTE - 6117-4170,4.01,Linha em rascunho/sem preço na master — preencher custo+frete e ativar
6424-4004,RESERVATORIO SEMENTES (FECHADO) - 6424-4004,67.76,Linha em rascunho/sem preço na master — preencher custo+frete e ativar
6426-1113,BARRA GUIA PANTOGRAFOS - 6426-1113,7.45,Linha em rascunho/sem preço na master — preencher custo+frete e ativar
6445-4035,BASE ESCOVA SUPERIOR - 6445-4035,1.18,Linha em rascunho/sem preço na master — preencher custo+frete e ativar
6445-4041,BASE COMPORTA - 6445-4041,1.78,Linha em rascunho/sem preço na master — preencher custo+frete e ativar
7310-5946,SUPORTE DISPLAY TOPPER 5500 - 7310-5946,18.77,Linha em rascunho/sem preço na master — preencher custo+frete e ativar
7920-4426,TAMPA ABS GABINETE ECU LIGHT CONTROL - 7920-4426,2.92,Linha em rascunho/sem preço na master — preencher custo+frete e ativar
1084-4162,DEGRAU DA ESCADA - 1084-4162,22.08,Linha em rascunho/sem preço na master — preencher custo+frete e ativar
6445-4040,PERFIL PONTA PALHETA - 6445-4040,0.61,Linha em rascunho/sem preço na master — preencher custo+frete e ativar
6445-4042,COMPORTA SEMENTE - 6445-4042,1.33,Linha em rascunho/sem preço na master — preencher custo+frete e ativar
6039-4130,"TUBO CONDUTOR PP 56,5/62,5X107 - 6039-4130",4.26,Linha em rascunho/sem preço na master — preencher custo+frete e ativar
6123-4506,CALOTA CHAPEU - 6123-4506,2.9,Linha em rascunho/sem preço na master — preencher custo+frete e ativar
7310-4832,VISOR ACRILICO 153X190X2 - 7310-4832,28.79,Linha em rascunho/sem preço na master — preencher custo+frete e ativar
6424-4008,PENEIRA RESERVATORIO SEMENTES - 6424-4008,4.08,Linha em rascunho/sem preço na master — preencher custo+frete e ativar
6112-4193,CALCO CONECTOR POLIPROPILENO - 6112-4193,5.65,Linha em rascunho/sem preço na master — preencher custo+frete e ativar
6117-4294,TAMPA CUBO SEMENTE - 6117-4294,2.62,Linha em rascunho/sem preço na master — preencher custo+frete e ativar
6424-4092,TAMPA RESERVATORIO CENTRAL SEMENTES(STARA) - 6424-4092,213.81,Linha em rascunho/sem preço na master — preencher custo+frete e ativar
10110-4158,CHAVE CAPO - 10110-4158,3.95,Linha em rascunho/sem preço na master — preencher custo+frete e ativar
6112-4192,CONECTOR TELESCOPICO PP PRETO - 6112-4192,7.9,Linha em rascunho/sem preço na master — preencher custo+frete e ativar
6117-4251,DISTRIBUIDOR SEMENTE PASTAGEM - 6117-4251,23.29,Linha em rascunho/sem preço na master — preencher custo+frete e ativar
6123-4126,CONECTOR TELESCOPICO PP PRETO MENOR - 6123-4126,7.12,Linha em rascunho/sem preço na master — preencher custo+frete e ativar
6424-4003,TAMPA RESERVATORIO SEMENTES - 6424-4003,12.76,Linha em rascunho/sem preço na master — preencher custo+frete e ativar
6435-3320,CARENAGEM TRASEIRA - 6435-3320,13.44,Linha em rascunho/sem preço na master — preencher custo+frete e ativar
6424-4006,CONDUTOR CURVO ADUBO - 6424-4006,10.87,Linha em rascunho/sem preço na master — preencher custo+frete e ativar
6424-4009,BOCAL ALIMENTACAO GRANDE - 6424-4009,8.65,Linha em rascunho/sem preço na master — preencher custo+frete e ativar
6424-4022,CONEXAO TUBO DE PRESSAO - 6424-4022,7.06,Linha em rascunho/sem preço na master — preencher custo+frete e ativar
6424-4027,TAMPAO MANGUEIRA DE SEMENTES - 6424-4027,10.01,Linha em rascunho/sem preço na master — preencher custo+frete e ativar
IPCX03007010,DEDO MOLINETE GTS - IPCX03007010,7.04,Linha em rascunho/sem preço na master — preencher custo+frete e ativar
GR140990-20M,Kit Ponta de Cerca 20 Metros - Greco Agro Tech,1830.32,"Planilha tem 1 linha GR140990 (R$1830,32); site tem 20M e 30M com o MESMO preço — confirmar preço do 30M com fornecedor"
