SKU,Código,Descrição,Status,Arquivo
"APP141207","APP141207","GPS Agrícola APP200 - APP","subido","capa_APP141207.png"
"APP141165","APP141165","Kit de Iluminação Noturna Pulverização - APP","subido","capa_APP141165.png"
"APP140990-30M","APP140990","Kit Ponta de Cerca 30 Metros - APP","subido","capa_APP140990-30M.png"
"APP140990-20M","APP140990","Kit Ponta de Cerca 20 Metros - APP","subido","capa_APP140990-20M.png"
"APP140682","APP140682","Sensor de Levante Haste - APP","subido","capa_APP140682.png"
"APP140012","APP140012","Sensor de Levante Corrente - APP","subido","capa_APP140012.png"
"APP142398","APP142398","Monitor de Fluxo de Sementes APP500 - APP","subido","capa_APP142398.png"
"APP142229","APP142229","Sensor de Semente - APP","subido","capa_APP142229.png"
"APP142226","APP142226","Sensor de Fluxo 25,4mm - APP","subido","capa_APP142226.png"
"APP142227","APP142227","Sensor de Fluxo 32mm - APP","subido","capa_APP142227.png"
"APP142228","APP142228","Sensor de Fluxo 50,8mm - APP","subido","capa_APP142228.png"
