acao,aba,linha,sku_shopify,titulo_novo,custo,frete,marg,preco_novo,preco_site,delta_pct,body_site_len
update,02_SOHIPREN,13,5.1621.0680005.0,MLR 160 C3.C2.P5 — 5.1621.0680005.0,767.55,100.0,0.2,1369.59,1369.59,0.0,838
update,02_SOHIPREN,14,5.1302.0565122.0,BOMBA APLICACION MF A-028 (ACX5148180) GIRO I (PROTOTIPO) — 5.1302.0565122.0,1096.5,100.0,0.2,1888.89,1888.89,0.0,970
update,02_SOHIPREN,15,5.1302.0565120.0,MOTOR APLICACION MF A-026 (ACX4630870) GIRO D — 5.1302.0565120.0,1147.5,100.0,0.2,1969.41,2250.75,-12.5,0
update,02_SOHIPREN,17,5.0220.0548836.0,Bomba de Direção Massey Ferguson 194-4F/362/365/372/390,1207.0,100.0,0.2,2063.34,2358.1,-12.5,1314
update,02_SOHIPREN,18,5.0220.0548817.0,Bomba Hidráulica Massey Ferguson 283/290/292/L5000 — Direção e Levante,913.75,100.0,0.2,1600.39,1829.02,-12.5,977
update,02_SOHIPREN,19,5.1302.0565053.0,Bomba Hidráulica Massey Ferguson MF A-016 — Trator 4299,1632.0,100.0,0.2,2734.28,3124.89,-12.5,1227
update,02_SOHIPREN,22,5.0220.0548824.0,Bomba Hidráulica Dupla Valtra-Valmet BH160,1130.5,100.0,0.2,1942.57,2220.08,-12.5,1217
update,02_SOHIPREN,23,5.0220.0548917.0,BOI 16 E2.B8.B2/14 B2.L (PLACA H15) — 5.0220.0548917.0,1130.5,100.0,0.2,1942.57,2220.08,-12.5,0
update,02_SOHIPREN,24,5.0220.L026997.0,"BOI 22,5 E2.B8.B112/16.B4/16.B4.L — 5.0220.L026997.0",1759.5,100.0,0.2,2935.56,3354.93,-12.5,0
update,02_SOHIPREN,25,5.0220.0547201.0,Bomba Hidráulica Principal Valtra-Valmet 885/985/1280,1130.5,100.0,0.2,1942.57,2220.08,-12.5,1331
update,02_SOHIPREN,26,5.0220.0547202.0,Bomba Hidráulica Valtra-Valmet 62/65/68/85/86/88/78EL — Principal,1038.7,100.0,0.2,1797.64,2054.45,-12.5,946
update,02_SOHIPREN,34,5.0220.0547205.0,Bomba Hidráulica Principal Valtra-Valmet 880/980/1780,1043.8,100.0,0.2,1805.7,2063.65,-12.5,1246
update,02_SOHIPREN,189,5.5211.L026234.0,MRBO 26 B100.C.C43.L10 — 5.5211.L026234.0,686.8,100.0,0.2,1242.11,1419.55,-12.5,0
update,02_SOHIPREN,195,5.5210.L011190.0,"MUI BO 22,5 B101.C106.C105.M105 — 5.5210.L011190.0",636.65,100.0,0.2,1162.94,1329.07,-12.5,0
update,02_SOHIPREN,233,5.0220.0548911.0,BOI 19 E5.P.B2/14 B2.L (AMBOS CPOS INVERTIDOS) — 5.0220.0548911.0,1028.5,100.0,0.2,1781.54,2036.04,-12.5,0
update,02_SOHIPREN,243,5.0211.L026819.0,BOI 26 E18.C22.A119.D6 - 25-180 BAR — 5.0211.L026819.0,807.5,100.0,0.2,1432.65,1637.32,-12.5,0
update,02_SOHIPREN,244,5.0211.L026849.0,BOI 26 E18.C22.A119.D11- 25-000 BAR (NEW HOLLAND) — 5.0211.L026849.0,748.0,100.0,0.2,1338.72,1529.96,-12.5,0
update,02_SOHIPREN,252,5.0211.L027018.0,BOI 25 B107.B20.B118.L — 5.0211.L027018.0,636.65,100.0,0.2,1162.94,1329.07,-12.5,0
update,02_SOHIPREN,256,5.1301.0565055.0,BOMBA APLICACION CNH A-048 (47441313) GIRO I (PROTOTIPO) — 5.1301.0565055.0,2518.55,100.0,0.2,4133.86,4724.4,-12.5,0
update,02_SOHIPREN,259,5.1301.0565054.0,BOMBA APLICACION CNH A-047 (47439228) GIRO D (PROTOTIPO) — 5.1301.0565054.0,2363.0,100.0,0.2,3888.29,4443.76,-12.5,0
update,02_SOHIPREN,266,5.1301.0565008.0,Bomba Hidráulica Ford New Holland CNH A-008 — Série TB/TS,2392.75,100.0,0.2,3935.26,4497.44,-12.5,1400
update,02_SOHIPREN,269,5.1301.0565017.0,Bomba Hidráulica Ford New Holland CNH A-017 — Série TS6000,2392.75,100.0,0.2,3935.26,4497.44,-12.5,1311
update,02_SOHIPREN,273,5.1301.0565004.0,Bomba Hidráulica Ford New Holland CNH A-004 — 340/2910/3930/4630,1585.25,100.0,0.2,2660.47,3040.54,-12.5,1381
update,02_SOHIPREN,274,5.1301.0565001.0,Bomba Hidráulica Ford New Holland CNH A-001 - 5600/6600/7600/7700,1585.25,100.0,0.2,2660.47,3040.54,-12.5,1191
update,02_SOHIPREN,275,5.1301.0565002.0,Bomba Hidráulica Principal Ford New Holland CNH A-002 — 5610/7610/7810,1585.25,100.0,0.2,2660.47,3040.54,-12.5,1376
update,02_SOHIPREN,278,5.1301.0565035.0,Bomba Hidráulica New Holland CNH A-024 — Série T6,2545.75,100.0,0.2,4176.8,4773.48,-12.5,1248
update,02_SOHIPREN,281,5.1301.0565029.0,Bomba Hidráulica New Holland TC57 — Colhedeira CNH A-020,1687.25,100.0,0.2,2821.5,3224.57,-12.5,878
update,02_SOHIPREN,284,5.0210.L026250.0,BOI 16  B15.B14.A14.D5  24-150 BAR — 5.0210.L026250.0,786.25,100.0,0.2,1399.11,1598.98,-12.5,0
update,02_SOHIPREN,285,5.0209.L026780.0,BOI 19 B15.B14.B19.D5 - 24-150 BAR — 5.0209.L026780.0,760.75,100.0,0.2,1358.85,1552.97,-12.5,0
update,02_SOHIPREN,666,5.1621.0670036.1,MOTOR MLSW 395 - JOHN DEERE CB11480557 — 5.1621.0670036.1,1519.38,100.0,0.2,2556.49,2921.7,-12.5,0
update,02_SOHIPREN,667,5.1621.0670037.1,MOTOR MLSW 80  - JOHN DEERE CB11480555 — 5.1621.0670037.1,1287.5,100.0,0.2,2190.42,2503.34,-12.5,0
update,02_SOHIPREN,668,5.1621.0670038.1,MOTOR MLSW 305 - JOHN DEERE CB11480558 — 5.1621.0670038.1,1465.15,100.0,0.2,2470.87,2823.85,-12.5,0
update,02_SOHIPREN,669,5.1621.0670039.1,MOTOR MLSW 395 - JOHN DEERE CB11480559 — 5.1621.0670039.1,1470.5,100.0,0.2,2479.32,2833.51,-12.5,0
update,02_SOHIPREN,670,5.1621.0670040.1,MOTOR MLSW 495 - JOHN DEERE CB11480560 — 5.1621.0670040.1,1538.5,100.0,0.2,2586.67,2956.19,-12.5,0
update,02_SOHIPREN,672,5.1305.0565077.0,Bomba Hidráulica John Deere A-005 — Série 5000/5010/5020/6000,1752.7,100.0,0.2,2924.82,3342.65,-12.5,977
update,02_SOHIPREN,673,5.1305.0565071.0,Bomba Hidráulica Direção e Levante John Deere A-004 — Série 5000/6000,1827.5,100.0,0.2,3042.91,3477.61,-12.5,1465
update,02_SOHIPREN,675,5.1305.0565094.0,BOMBA DE APLICACION JD A-008 (DQ33772) GIRO D (PROTOTIPO) — 5.1305.0565094.0,731.0,100.0,0.2,1311.88,1499.29,-12.5,0
update,02_SOHIPREN,676,5.1305.0565036.0,Bomba Hidráulica Principal John Deere A-003 — Série 6000,856.8,100.0,0.2,1510.48,1726.27,-12.5,1321
update,02_SOHIPREN,677,5.1305.0565032.0,BOMBA APLICACION JD A-001 (RE223233) GIRO I — 5.1305.0565032.0,1305.6,100.0,0.2,2218.99,2535.99,-12.5,0
update,02_SOHIPREN,697,5.1305.0565115.0,BOMBA APLICACION JD (AL200830) GIRO D — 5.1305.0565115.0,1346.4,100.0,0.2,2283.4,2609.61,-12.5,0
update,02_SOHIPREN,776,5.1302.0565086.0,BOMBA APLICACIÓN MF A-021 (ACX3124760) GIRO I — 5.1302.0565086.0,1104.15,100.0,0.2,1900.97,2172.53,-12.5,0
update,02_SOHIPREN,777,5.1302.0565087.0,BOMBA APLICACIÓN MF A-022 (ACX3124770) GIRO I — 5.1302.0565087.0,1104.15,100.0,0.2,1900.97,2172.53,-12.5,0
update,02_SOHIPREN,778,5.1302.0565088.0,BOMBA APLICACIÓN MF A-601 (ACX3125900) GIRO I — 5.1302.0565088.0,1104.15,100.0,0.2,1900.97,2172.53,-12.5,0
update,02_SOHIPREN,779,5.1302.0565089.0,BOMBA APLICACIÓN MF A-024 (ACX3125910) GIRO I — 5.1302.0565089.0,1104.15,100.0,0.2,1900.97,2172.53,-12.5,0
update,02_SOHIPREN,782,5.1302.L027041.0,BOMBA APLICACION MF-AX (ACW6839870) GIRO I — 5.1302.L027041.0,1104.15,100.0,0.2,1900.97,2172.53,-12.5,0
update,02_SOHIPREN,786,5.0220.0547207.0,Bomba Hidráulica Massey Ferguson MF290/292 4x4 — Principal e Direção,1130.5,100.0,0.2,1942.57,2220.08,-12.5,1017
update,02_SOHIPREN,787,5.0220.0547216.0,Bomba Hidráulica Massey Ferguson 296-4/297-4/299-4 — Principal,1474.75,100.0,0.2,2486.03,2841.18,-12.5,908
update,02_SOHIPREN,792,5.1302.0547844.0,Bomba Hidráulica Massey Ferguson MF A-004 — 4215/4220/4235/4255,1177.25,100.0,0.2,2016.37,2304.42,-12.5,1150
update,02_SOHIPREN,794,5.1302.0547820.0,Bomba Hidráulica Massey Ferguson MF A-013 — Direção e Levante 3000/6000,1215.5,100.0,0.2,2076.76,2373.44,-12.5,1471
update,02_SOHIPREN,808,5.0203.0540803.0,Bomba Hidráulica Massey Ferguson MF85X/185/275/285/290 — Direção,807.5,100.0,0.2,1432.65,1637.32,-12.5,1024
update,02_SOHIPREN,975,5.0220.L025598.0,BOI 26 E2.B8.B110/16.B2.L — 5.0220.L025598.0,1228.25,100.0,0.2,2096.88,2396.44,-12.5,0
update,02_SOHIPREN,980,5.0220.0547206.0,Bomba Hidráulica Principal Valtra-Valmet 118ES/128/138/148,1130.5,100.0,0.2,1942.57,2220.08,-12.5,1263
update,04_GRECO,6,GR141207,GPS Agrícola GR200 — Greco Agro Tech | Navegação de Precisão,4100.0,77.0,0.2,6594.15,7570.45,-12.9,897
update,04_GRECO,7,GR141165,Kit de Iluminação Noturna Pulverização — Greco Agro Tech,890.0,60.69,0.2,1500.84,1778.95,-15.6,732
update,04_GRECO,8,GR140990,Kit Ponta de Cerca — Greco Agro Tech,1097.0,62.4,0.2,1830.32,1793.8,2.0,556
update,04_GRECO,9,GR140682,Sensor de Levante Haste — Greco Agro Tech | Precision Planting PM400,590.0,29.27,0.2,977.63,1237.69,-21.0,667
update,04_GRECO,10,GR140012,Sensor de Levante Corrente — Greco Agro Tech | Precision Planting PM400,490.0,28.45,0.2,818.47,1057.27,-22.6,637
update,04_GRECO,11,GR142398,Monitor de Fluxo de Sementes GR500 — Greco Agro Tech,7700.0,39.11,0.2,12217.59,14065.6,-13.1,765
update,04_GRECO,12,GR142226,"Sensor de Fluxo 25,4mm — Greco Agro Tech | Precision Planting PM400",290.0,26.8,0.2,500.13,696.42,-28.2,584
update,04_GRECO,13,GR142227,Sensor de Fluxo 32mm — Greco Agro Tech | Precision Planting PM400,310.0,26.96,0.2,531.95,732.51,-27.4,588
update,04_GRECO,14,GR142228,"Sensor de Fluxo 50,8mm — Greco Agro Tech | Precision Planting PM400",360.0,27.37,0.2,611.53,822.72,-25.7,589
update,04_GRECO,15,GR142229,Sensor de Semente — Greco Agro Tech | Precision Planting PM400,140.0,25.55,0.2,261.35,425.79,-38.6,611
update,03_AGCO,6,ACX3266690,Suporte do Dosador — AGCO ACX3266690 | Plantadeira Momentum,100.96,16.75,0.2,185.83,255.01,-27.1,971
update,03_AGCO,7,ACW0551840,Condutor de Sementes para Sensor — AGCO ACW0551840,9.15,2.21,0.2,17.93,23.11,-22.4,1010
create,03_AGCO,8,ACW0551840-KIT25,Condutor Sementes P/sensor — Kit 25 Unidades — AGCO ACW0551840,228.75,55.23,0.2,448.31,,,
create,03_AGCO,9,ACX2865730-KIT60,Tampa do Modulo SRM — Kit 60 Unidades — AGCO ACX2865730,601.1999999999999,105.71,0.2,1115.99,,,
update,03_AGCO,11,ACX3454710,Conjunto Montado Reservatório de Sementes Mecânico — AGCO ACX3454710,35.74,40.06,0.2,119.66,90.27,32.6,938
create,03_AGCO,13,ACX2719210,CJ Montado Joelho — AGCO ACX2719210,13.81,1.12,0.2,23.57,,,
create,03_AGCO,14,ACX2719210-KIT30,CJ Montado Joelho — Kit 30 Unidades — AGCO ACX2719210,414.3,33.55,0.2,707.01,,,
update,03_AGCO,15,4383927M4,Dobradiça Esquerda Inferior — Massey Ferguson 4383927M4,20.01,2.08,0.2,34.87,50.54,-31.0,895
create,03_AGCO,16,4383927M4-KIT10,Dobradiça Esquerda Inferior — Kit 10 Unidades — AGCO 4383927M4,200.10000000000002,20.77,0.2,348.68,,,
update,03_AGCO,17,ACX283890A,Vedação Tubo de Ar — AGCO ACX283890A | Sistema Pneumático,20.14,2.08,0.2,35.08,50.88,-31.1,923
create,03_AGCO,18,ACX283890A-KIT10,Vedação Tubo de Ar — Kit 10 Unidades — AGCO ACX283890A,201.4,20.78,0.2,350.75,,,
update,03_AGCO,19,ACX310603A,Manípulo Pneumático — AGCO ACX310603A,4.53,0.49,0.2,7.92,11.45,-30.8,738
create,03_AGCO,20,ACX310603A-KIT50,Manipulo Pneumatico — Kit 50 Unidades — AGCO ACX310603A,226.5,24.71,0.2,396.58,,,
update,03_AGCO,21,4383923M4,Dobradiça Esquerda Superior — Massey Ferguson 4383923M4,20.01,16.74,0.2,58.02,50.54,14.8,809
update,03_AGCO,22,ACX363311C,Copo Venturi C — AGCO ACX363311C | Dosador Pneumático,8.31,1.03,0.2,14.74,20.99,-29.8,943
create,03_AGCO,23,ACX363311C-KIT60,Copo Venturi C — Kit 60 Unidades — AGCO ACX363311C,498.6,61.52,0.2,884.25,,,
update,03_AGCO,24,ACX363311B,Copo Venturi B — AGCO ACX363311B | Dosador Pneumático,8.31,1.03,0.2,14.74,20.99,-29.8,1080
create,03_AGCO,25,ACX363311B-KIT60,Copo Venturi B — Kit 60 Unidades — AGCO ACX363311B,498.6,61.52,0.2,884.25,,,
update,03_AGCO,26,ACX2414460,Conjunto Adaptador de Vácuo — AGCO ACX2414460,9.02,1.38,0.2,16.42,22.79,-28.0,869
create,03_AGCO,27,ACX2414460-KIT20,CJ Adaptador de Vacuo — Kit 20 Unidades — AGCO ACX2414460,180.39999999999998,27.58,0.2,328.33,,,
update,03_AGCO,28,ACX3371800,Bocal Cotovelo de Vácuo — AGCO ACX3371800,5.77,1.28,0.2,11.13,14.58,-23.7,814
create,03_AGCO,29,ACX3371800-KIT50,Bocal Cotovelo Vacuo — Kit 50 Unidades — AGCO ACX3371800,288.5,63.83,0.2,556.22,,,
update,03_AGCO,30,7038105M1,Acoplamento do Condutor — Massey Ferguson 7038105M1,3.94,0.53,0.2,7.06,9.95,-29.0,860
create,03_AGCO,31,7038105M1-KIT60,Acoplamento do Condutor — Kit 60 Unidades — AGCO 7038105M1,236.4,32.09,0.2,423.86,,,
update,03_AGCO,32,7038106M1,Acoplamento da Curva — Massey Ferguson 7038106M1,3.94,0.53,0.2,7.06,9.95,-29.0,857
create,03_AGCO,33,7038106M1-KIT60,Acoplamento da Curva — Kit 60 Unidades — AGCO 7038106M1,236.4,32.09,0.2,423.86,,,
update,03_AGCO,34,ACX5458940,Proteção SRM — AGCO ACX5458940 | Monitor de Linhas,8.64,1.81,0.2,16.5,21.83,-24.4,889
create,03_AGCO,35,ACX5458940-KIT40,Proteção SRM — Kit 40 Unidades — AGCO ACX5458940,345.6,72.41,0.2,659.9,,,
update,03_AGCO,36,ACX3601860,Copo Venturi — AGCO ACX3601860 | Dosador Pneumático,9.57,0.68,0.2,16.18,24.18,-33.1,936
create,03_AGCO,37,ACX3601860-KIT60,Copo Venturi — Kit 60 Unidades — AGCO ACX3601860,574.2,40.99,0.2,971.19,,,
update,03_AGCO,38,4383933M4,Dobradiça Direita Superior — Massey Ferguson 4383933M4,20.01,2.08,0.2,34.87,50.54,-31.0,807
create,03_AGCO,39,4383933M4-KIT10,Dobradiça Direita Superior — Kit 10 Unidades — AGCO 4383933M4,200.10000000000002,20.77,0.2,348.68,,,
update,03_AGCO,40,4383934M4,Dobradiça Direita Inferior — Massey Ferguson 4383934M4,20.01,2.08,0.2,34.87,50.54,-31.0,807
create,03_AGCO,41,4383934M4-KIT10,Dobradiça Direita Inferior — Kit 10 Unidades — AGCO 4383934M4,200.10000000000002,20.77,0.2,348.68,,,
update,03_AGCO,42,ACX3473430,Tampa Maior do Tubo — AGCO ACX3473430,5.46,0.66,0.2,9.66,13.79,-29.9,794
create,03_AGCO,43,ACX3473430-KIT40,Tampa Maior do Tubo — Kit 40 Unidades — AGCO ACX3473430,218.4,26.2,0.199999999999999,386.15,,,
update,03_AGCO,44,ACX329796A,Defletor do Radiador — AGCO ACX329796A,85.45,37.07,0.199999999999999,193.42,215.84,-10.4,875
update,03_AGCO,45,33070004,Condutor Reto de Sementes — AGCO 33070004,6.44,2.67,0.199999999999999,14.38,16.27,-11.6,854
create,03_AGCO,46,33070004-KIT25,Condutor Reto — Kit 25 Unidades — AGCO 33070004,161.0,66.85,0.199999999999999,359.7,,,
create,03_AGCO,47,6237989M1,Corpo Bico 1POL e Saídas — AGCO 6237989M1,26.46,2.5,0.199999999999999,45.72,,,
create,03_AGCO,48,6237989M1-KIT10,Corpo Bico 1POL e Saídas — Kit 10 Unidades — AGCO 6237989M1,264.6,25.01,0.199999999999999,457.2,,,
create,03_AGCO,49,ACX363311C-KIT25,Copo Venturi C — Kit 25 Unidades — AGCO ACX363311C,207.75,27.8,0.199999999999999,371.86,,,
create,03_AGCO,50,ACX363311B-KIT25,Copo Venturi B — Kit 25 Unidades — AGCO ACX363311B,207.75,27.8,0.199999999999999,371.86,,,
create,03_AGCO,51,ACX3601860-KIT25,Copo Venturi — Kit 25 Unidades — AGCO ACX3601860,239.25,24.81,0.199999999999999,416.87,,,
update,05_JOHN_DEERE,6,H-102724,DEDO RETRATIL JD QUADRADO — H-102724,5.0,0.53,0.3,9.98,12.64,-21.0,0
create,05_JOHN_DEERE,7,H-102724-KIT50,Dedo Retratil Quadrado — Kit 50 Unidades — John Deere H-102724,250.0,26.47,0.3,498.81,,,
update,05_JOHN_DEERE,8,H-169914,DEDO RETRATIL JD — H-169914,5.0,0.56,0.3,10.03,12.64,-20.6,0
create,05_JOHN_DEERE,9,H-169914-KIT50,Dedo Retratil — Kit 50 Unidades — John Deere H-169914,250.0,28.15,0.3,501.84,,,
update,05_JOHN_DEERE,10,H-175727,SUPORTE DO MOLINETE — H-175727,2.9,0.37,0.3,5.9,7.32,-19.4,0
create,05_JOHN_DEERE,11,H-175727-KIT50,Suporte do Molinete — Kit 50 Unidades — John Deere H-175727,145.0,18.26,0.3,294.55,,,
create,05_JOHN_DEERE,12,KK31823-KIT25,Dedo Recolhedor Algodão Grande — Kit 25 Unidades — John Deere KK31823,180.0,27.57,0.3,374.5,,,
create,05_JOHN_DEERE,13,KK31824-KIT25,Dedo Recolhedor Algodão Médio — Kit 25 Unidades — John Deere KK31824,120.0,18.05,0.3,249.07,,,
create,05_JOHN_DEERE,14,KK31825-KIT25,Dedo Recolhedor Algodão Pequeno — Kit 25 Unidades — John Deere KK31825,100.0,16.74,0.3,210.62,,,
update,05_JOHN_DEERE,16,N276747,TAMPA ALGODÃO — N276747,9.9,1.06,0.3,19.77,25.01,-21.0,0
create,05_JOHN_DEERE,17,N276747-KIT25,Tampa Algodão — Kit 25 Unidades — John Deere N276747,247.5,26.44,0.3,494.24,,,
update,05_JOHN_DEERE,18,A56254,ARO TAMPA RESERVATORIO CENTRAL DE SEMENTES — A56254,65.0,23.66,0.3,159.96,164.19,-2.6,0
update,05_JOHN_DEERE,19,CQ59313,CAIXA DE SEMENTES MINI HOOPER — CQ59313,27.0,17.89,0.3,80.99,68.2,18.8,0
update,05_JOHN_DEERE,20,CQ65827,CONDUTOR JD — CQ65827,4.1,1.96,0.3,10.93,10.36,5.5,0
create,05_JOHN_DEERE,21,CQ65827-KIT50,Condutor — Kit 50 Unidades — John Deere CQ65827,204.99999999999997,98.23,0.3,547.09,,,
update,05_JOHN_DEERE,22,CQ54137,CONDUTOR JOHN DEERE — CQ54137,4.5,1.19,0.3,10.27,11.36,-9.6,0
create,05_JOHN_DEERE,23,CQ54137-KIT50,Condutor — Kit 50 Unidades — John Deere CQ54137,225.0,59.27,0.3,512.88,,,
update,05_JOHN_DEERE,24,AA67780,CONDUTOR JOHN DEERE ACRILICO — AA67780,19.5,3.49,0.3,41.48,49.26,-15.8,862
create,05_JOHN_DEERE,25,AA67780-KIT10,Condutor Acrilico — Kit 10 Unidades — John Deere AA67780,195.0,34.89,0.3,414.77,,,
create,05_JOHN_DEERE,26,CQ73378-KIT30,Condutor Plantadeira — Kit 30 Unidades — John Deere CQ73378,140.1,58.56,0.3,358.42,,,
update,05_JOHN_DEERE,27,A75169,CONEXÃO PIPOQUEIRA JD — A75169,4.5,0.53,0.3,9.08,11.36,-20.1,0
create,05_JOHN_DEERE,28,A75169-KIT50,Conexão Pipoqueira — Kit 50 Unidades — John Deere A75169,225.0,26.26,0.3,453.33,,,
update,05_JOHN_DEERE,29,A71321,ENGATE CONDUTOR JD — A71321,4.5,0.64,0.3,9.27,11.36,-18.4,0
create,05_JOHN_DEERE,30,A71321-KIT50,Engate Condutor — Kit 50 Unidades — John Deere A71321,225.0,31.99,0.3,463.66,,,
update,05_JOHN_DEERE,31,A72758,PENEIRA MINI HOOPER — A72758,5.6,0.43,0.3,10.88,14.15,-23.1,0
create,05_JOHN_DEERE,32,A72758-KIT50,Peneira Mini Hooper — Kit 50 Unidades — John Deere A72758,280.0,21.43,0.3,543.84,,,
update,05_JOHN_DEERE,33,A78269,TAMPA RESERVATORIO CENTRAL DE SEMENTES — A78269,189.0,40.88,0.3,414.75,477.39,-13.1,0
update,05_JOHN_DEERE,34,A74430,ENGATE HIDR. RAPIDO — A74430,15.0,2.04,0.3,30.74,37.89,-18.9,0
create,05_JOHN_DEERE,35,A74430-KIT10,Engate Hidr. Rapido — Kit 10 Unidades — John Deere A74430,150.0,20.35,0.3,307.35,,,
create,05_JOHN_DEERE,37,KK31823-KIT50,Dedo Recolhedor Algodão Grande — Kit 50 Unidades — John Deere KK31823,360.0,41.02,0.3,723.52,,,
create,05_JOHN_DEERE,39,KK31824-KIT50,Dedo Recolhedor Algodão Médio — Kit 50 Unidades — John Deere KK31824,240.0,21.1,0.3,471.08,,,
update,06_STARA,6,6424-4005,ACABAMENTO LATERAL RESERVATORIO DE SEMENTES — 6424-4005,3.9744,0.49,0.3,8.05,8.36,-3.7,0
create,06_STARA,7,6424-4005-KIT50,Acabamento Lateral Reservatorio de Sementes — Kit 50 Unidades — Stara 6424-4005,198.72,24.48,0.3,402.7,,,
update,06_STARA,10,8031-4009,BICO CENTRAL 45/50 — 8031-4009,156.90996,75.61,0.3,419.51,330.28,27.0,865
update,06_STARA,11,6424-4028,BOCAL PIPOQUEIRA — 6424-4028,6.47082,0.78,0.3,13.08,13.62,-4.0,0
update,06_STARA,12,6424-4026,CONEXAO MANGUEIRA SEMENTES — 6424-4026,3.96198,0.52,0.3,8.09,8.34,-3.0,0
create,06_STARA,13,6424-4026-KIT50,Conexao Mangueira Sementes — Kit 50 Unidades — Stara 6424-4026,198.099,26.04,0.3,404.39,,,
update,06_STARA,14,8031-4010,CARENAGEM CENTRAL — 8031-4010,160.38,62.78,0.3,402.63,337.59,19.3,861
update,06_STARA,24,6117-4142,BUCHA DO MANCAL PANTOGRAFICO — 6117-4142,1.4904,0.36,0.3,3.34,3.13,6.7,0
create,06_STARA,25,6117-4142-KIT50,Bucha do Mancal Pantografico — Kit 50 Unidades — Stara 6117-4142,74.52,17.89,0.3,166.73,,,
update,06_STARA,32,8031-4008,PONTEIRA BICO — 8031-4008,21.43692,3.19,0.3,44.43,45.12,-1.5,0
create,06_STARA,33,8031-4008-KIT10,Ponteira Bico — Kit 10 Unidades — Stara 8031-4008,214.3692,31.9,0.3,444.32,,,
update,06_STARA,39,6424-4013,CONDUTOR ADUBO DISCO DUPLO — 6424-4013,8.23446,3.93,0.3,21.95,17.33,26.7,0
create,06_STARA,40,6424-4013-KIT25,Condutor Adubo Disco Duplo — Kit 25 Unidades — Stara 6424-4013,205.8615,98.23,0.3,548.64,,,
update,07_GTS,6,IPCX03009065,GIRO MOLINETE 2 — IPCX03009065,1.4364,0.26,0.3,3.06,3.02,1.3,0
create,07_GTS,7,IPCX03009065-KIT100,Giro Molinete 2 — Kit 100 Unidades — GTS IPCX03009065,143.64,25.59,0.3,305.33,,,
update,07_GTS,8,IPCX03009064,GIRO MOLINETE 1 — IPCX03009064,1.4364,0.26,0.3,3.06,3.02,1.3,0
create,07_GTS,9,IPCX03009064-KIT100,Giro Molinete 1 — Kit 100 Unidades — GTS IPCX03009064,143.64,25.59,0.3,305.33,,,
update,07_GTS,10,IPCX05009034,ROTULA MOLINETE — IPCX05009034,2.8512,0.37,0.3,5.81,6.0,-3.2,0
create,07_GTS,11,IPCX05009034-KIT75,Rotula Molinete — Kit 75 Unidades — GTS IPCX05009034,213.84,27.85,0.3,436.06,,,
create,07_GTS,12,IPCX03007010-KIT20,Dedo Molinete — Kit 20 Unidades — GTS IPCX03007010,67.0,19.94,0.3,156.86,,,
create,07_GTS,13,IPCX03007010-KIT50,Dedo Molinete — Kit 50 Unidades — GTS IPCX03007010,167.5,25.78,0.3,348.72,,,
create,07_GTS,14,IPCX03007010-KIT100,Dedo Molinete — Kit 100 Unidades — GTS IPCX03007010,335.0,39.01,0.3,674.79,,,
update,07_GTS,15,IPCX03006056,MANCAL DEDO RETRÁTIL — IPCX03006056,3.4236,0.41,0.3,6.92,7.21,-4.0,0
create,07_GTS,16,IPCX03006056-KIT60,Mancal Dedo Retrátil — Kit 60 Unidades — GTS IPCX03006056,205.416,24.53,0.3,414.87,,,
update,07_GTS,17,IPCX03006047,GUIA DEDO RETRATIL — IPCX03006047,3.564,0.49,0.3,7.31,7.5,-2.5,0
create,07_GTS,18,IPCX03006047-KIT50,Guia Dedo Retratil — Kit 50 Unidades — GTS IPCX03006047,178.2,24.31,0.3,365.37,,,
