acao,tiny_id,tiny_codigo,tiny_nome,tipo,preco_tiny,preco_novo,custo_novo,sku_planilha,aba
alterar,349112148,5.1302.0565120.0,MOTOR APLICACION MF A-026 (ACX4630870) GIRO D - 5.1302.05651,N,2250.75,1969.41,1147.5,5.1302.0565120.0,02_SOHIPREN
alterar,334772995,5.0220.0548836,Bomba de Direção Massey Ferguson 194-4F/362/365/372/390 - Pa,V,2358.1,2063.34,1207.0,5.0220.0548836.0,02_SOHIPREN
alterar,334773084,5.0220.0548817,Bomba Hidráulica Massey Ferguson 283/290/292/L5000 - Direção,N,1829.02,1600.39,913.75,5.0220.0548817.0,02_SOHIPREN
alterar,334772856,5.1302.0565053,Bomba Hidráulica Massey Ferguson MF A-016 - Trator 4299 - Pa,V,3124.89,2734.28,1632.0,5.1302.0565053.0,02_SOHIPREN
alterar,334771752,5.0220.0548824-2,Bomba Hidráulica Dupla Valtra-Valmet BH160 - Padrão,V,2220.08,1942.57,1130.5,5.0220.0548824.0,02_SOHIPREN
alterar,349112152,5.0220.0548917.0,BOI 16 E2.B8.B2/14 B2.L (PLACA H15) - 5.0220.0548917.0,N,2220.08,1942.57,1130.5,5.0220.0548917.0,02_SOHIPREN
alterar,349112156,5.0220.L026997.0,"BOI 22,5 E2.B8.B112/16.B4/16.B4.L - 5.0220.L026997.0",N,3354.93,2935.56,1759.5,5.0220.L026997.0,02_SOHIPREN
alterar,334772687,5.0220.0547201,Bomba Hidráulica Principal Valtra-Valmet 885/985/1280 - Padr,V,2220.08,1942.57,1130.5,5.0220.0547201.0,02_SOHIPREN
alterar,334773046,5.0220.0547202,Bomba Hidráulica Valtra-Valmet 62/65/68/85/86/88/78EL - Prin,N,2054.45,1797.64,1038.7,5.0220.0547202.0,02_SOHIPREN
alterar,334772725,5.0220.0547205,Bomba Hidráulica Principal Valtra-Valmet 880/980/1780 - Padr,V,2063.65,1805.7,1043.8,5.0220.0547205.0,02_SOHIPREN
alterar,349112162,5.5211.L026234.0,MRBO 26 B100.C.C43.L10 - 5.5211.L026234.0,N,1419.55,1242.11,686.8,5.5211.L026234.0,02_SOHIPREN
alterar,349112166,5.5210.L011190.0,"MUI BO 22,5 B101.C106.C105.M105 - 5.5210.L011190.0",N,1329.07,1162.94,636.65,5.5210.L011190.0,02_SOHIPREN
alterar,349112170,5.0220.0548911.0,BOI 19 E5.P.B2/14 B2.L (AMBOS CPOS INVERTIDOS) - 5.0220.0548,N,2036.04,1781.54,1028.5,5.0220.0548911.0,02_SOHIPREN
alterar,349112174,5.0211.L026819.0,BOI 26 E18.C22.A119.D6 - 25-180 BAR - 5.0211.L026819.0,N,1637.32,1432.65,807.5,5.0211.L026819.0,02_SOHIPREN
alterar,349112178,5.0211.L026849.0,BOI 26 E18.C22.A119.D11- 25-000 BAR (NEW HOLLAND) - 5.0211.L,N,1529.96,1338.72,748.0,5.0211.L026849.0,02_SOHIPREN
alterar,349112182,5.0211.L027018.0,BOI 25 B107.B20.B118.L - 5.0211.L027018.0,N,1329.07,1162.94,636.65,5.0211.L027018.0,02_SOHIPREN
alterar,349112186,5.1301.0565055.0,BOMBA APLICACION CNH A-048 (47441313) GIRO I (PROTOTIPO) - 5,N,4724.4,4133.86,2518.55,5.1301.0565055.0,02_SOHIPREN
alterar,349112190,5.1301.0565054.0,BOMBA APLICACION CNH A-047 (47439228) GIRO D (PROTOTIPO) - 5,N,4443.76,3888.29,2363.0,5.1301.0565054.0,02_SOHIPREN
alterar,334771994,5.1301.0565008,Bomba Hidráulica Ford New Holland CNH A-008 - Série TB/TS - ,V,4497.44,3935.26,2392.75,5.1301.0565008.0,02_SOHIPREN
alterar,334772037,5.1301.0565017,Bomba Hidráulica Ford New Holland CNH A-017 - Série TS6000 -,V,4497.44,3935.26,2392.75,5.1301.0565017.0,02_SOHIPREN
alterar,334772959,5.1301.0565004,Bomba Hidráulica Ford New Holland CNH A-004 - 340/2910/3930/,V,3040.54,2660.47,1585.25,5.1301.0565004.0,02_SOHIPREN
alterar,334772889,5.1301.0565001,Bomba Hidráulica Ford New Holland CNH A-001 - 5600/6600/7600,V,3040.54,2660.47,1585.25,5.1301.0565001.0,02_SOHIPREN
alterar,334772922,5.1301.0565002,Bomba Hidráulica Principal Ford New Holland CNH A-002 - 5610,V,3040.54,2660.47,1585.25,5.1301.0565002.0,02_SOHIPREN
alterar,334772081,5.1301.0565035,Bomba Hidráulica New Holland CNH A-024 - Série T6 - Padrão,V,4773.48,4176.8,2545.75,5.1301.0565035.0,02_SOHIPREN
alterar,334773088,5.1301.0565029,Bomba Hidráulica New Holland TC57 - Colhedeira CNH A-020,N,3224.57,2821.5,1687.25,5.1301.0565029.0,02_SOHIPREN
alterar,349112194,5.0210.L026250.0,BOI 16 B15.B14.A14.D5 24-150 BAR - 5.0210.L026250.0,N,1598.98,1399.11,786.25,5.0210.L026250.0,02_SOHIPREN
alterar,349112199,5.0209.L026780.0,BOI 19 B15.B14.B19.D5 - 24-150 BAR - 5.0209.L026780.0,N,1552.97,1358.85,760.75,5.0209.L026780.0,02_SOHIPREN
alterar,349112203,5.1621.0670036.1,MOTOR MLSW 395 - JOHN DEERE CB11480557 - 5.1621.0670036.1,N,2921.7,2556.49,1519.38,5.1621.0670036.1,02_SOHIPREN
alterar,349112207,5.1621.0670037.1,MOTOR MLSW 80 - JOHN DEERE CB11480555 - 5.1621.0670037.1,N,2503.34,2190.42,1287.5,5.1621.0670037.1,02_SOHIPREN
alterar,349112211,5.1621.0670038.1,MOTOR MLSW 305 - JOHN DEERE CB11480558 - 5.1621.0670038.1,N,2823.85,2470.87,1465.15,5.1621.0670038.1,02_SOHIPREN
alterar,349112216,5.1621.0670039.1,MOTOR MLSW 395 - JOHN DEERE CB11480559 - 5.1621.0670039.1,N,2833.51,2479.32,1470.5,5.1621.0670039.1,02_SOHIPREN
alterar,349112220,5.1621.0670040.1,MOTOR MLSW 495 - JOHN DEERE CB11480560 - 5.1621.0670040.1,N,2956.19,2586.67,1538.5,5.1621.0670040.1,02_SOHIPREN
alterar,334773101,5.1305.0565077,Bomba Hidráulica John Deere A-005 - Série 5000/5010/5020/600,N,3342.65,2924.82,1752.7,5.1305.0565077.0,02_SOHIPREN
alterar,334772644,5.1305.0565071,Bomba Hidráulica Direção e Levante John Deere A-004 - Série ,V,3477.61,3042.91,1827.5,5.1305.0565071.0,02_SOHIPREN
alterar,349112224,5.1305.0565094.0,BOMBA DE APLICACION JD A-008 (DQ33772) GIRO D (PROTOTIPO) - ,N,1499.29,1311.88,731.0,5.1305.0565094.0,02_SOHIPREN
alterar,334772399,5.1305.0565036,Bomba Hidráulica Principal John Deere A-003 - Série 6000 - P,V,1726.27,1510.48,856.8,5.1305.0565036.0,02_SOHIPREN
alterar,349112228,5.1305.0565032.0,BOMBA APLICACION JD A-001 (RE223233) GIRO I - 5.1305.0565032,N,2535.99,2218.99,1305.6,5.1305.0565032.0,02_SOHIPREN
alterar,349112232,5.1305.0565115.0,BOMBA APLICACION JD (AL200830) GIRO D - 5.1305.0565115.0,N,2609.61,2283.4,1346.4,5.1305.0565115.0,02_SOHIPREN
alterar,349112236,5.1302.0565086.0,BOMBA APLICACIÓN MF A-021 (ACX3124760) GIRO I - 5.1302.05650,N,2172.53,1900.97,1104.15,5.1302.0565086.0,02_SOHIPREN
alterar,349112240,5.1302.0565087.0,BOMBA APLICACIÓN MF A-022 (ACX3124770) GIRO I - 5.1302.05650,N,2172.53,1900.97,1104.15,5.1302.0565087.0,02_SOHIPREN
alterar,349112244,5.1302.0565088.0,BOMBA APLICACIÓN MF A-601 (ACX3125900) GIRO I - 5.1302.05650,N,2172.53,1900.97,1104.15,5.1302.0565088.0,02_SOHIPREN
alterar,349112248,5.1302.0565089.0,BOMBA APLICACIÓN MF A-024 (ACX3125910) GIRO I - 5.1302.05650,N,2172.53,1900.97,1104.15,5.1302.0565089.0,02_SOHIPREN
alterar,349112252,5.1302.L027041.0,BOMBA APLICACION MF-AX (ACW6839870) GIRO I - 5.1302.L027041.,N,2172.53,1900.97,1104.15,5.1302.L027041.0,02_SOHIPREN
alterar,334773059,5.0220.0547207,Bomba Hidráulica Massey Ferguson MF290/292 4x4 - Principal e,N,2220.08,1942.57,1130.5,5.0220.0547207.0,02_SOHIPREN
alterar,334773066,5.0220.0547216,Bomba Hidráulica Massey Ferguson 296-4/297-4/299-4 - Princip,N,2841.18,2486.03,1474.75,5.0220.0547216.0,02_SOHIPREN
alterar,334772840,5.1302.0547844,Bomba Hidráulica Massey Ferguson MF A-004 - 4215/4220/4235/4,V,2304.42,2016.37,1177.25,5.1302.0547844.0,02_SOHIPREN
alterar,334772822,5.1302.0547820,Bomba Hidráulica Massey Ferguson MF A-013 - Direção e Levant,V,2373.44,2076.76,1215.5,5.1302.0547820.0,02_SOHIPREN
alterar,334773042,5.0203.0540803,Bomba Hidráulica Massey Ferguson MF85X/185/275/285/290 - Dir,N,1637.32,1432.65,807.5,5.0203.0540803.0,02_SOHIPREN
alterar,349112256,5.0220.L025598.0,BOI 26 E2.B8.B110/16.B2.L - 5.0220.L025598.0,N,2396.44,2096.88,1228.25,5.0220.L025598.0,02_SOHIPREN
alterar,334772760,5.0220.0547206,Bomba Hidráulica Principal Valtra-Valmet 118ES/128/138/148 -,V,2220.08,1942.57,1130.5,5.0220.0547206.0,02_SOHIPREN
alterar,339174230,GR141207,GPS Agrícola GR200 - Greco Agro Tech | Navegação de Precisão,V,7570.45,6594.15,4100.0,GR141207,04_GRECO
alterar,339174256,GR141165,Kit de Iluminação Noturna Pulverização - Greco Agro Tech - P,V,1778.95,1500.84,890.0,GR141165,04_GRECO
alterar,339174287,GR140990-20M,Kit Ponta de Cerca - Greco Agro Tech - 20 Metros,V,1793.8,1830.32,1097.0,GR140990,04_GRECO
alterar,339174280,GR140990-30M,Kit Ponta de Cerca - Greco Agro Tech - 30 Metros,V,1793.8,1830.32,1097.0,GR140990,04_GRECO
alterar,339174300,GR140682,Sensor de Levante Haste - Greco Agro Tech | Precision Planti,V,1237.69,977.63,590.0,GR140682,04_GRECO
alterar,339174322,GR140012,Sensor de Levante Corrente - Greco Agro Tech | Precision Pla,V,1057.27,818.47,490.0,GR140012,04_GRECO
alterar,339174342,GR142398,Monitor de Fluxo de Sementes GR500 - Greco Agro Tech - Padrã,V,14065.6,12217.59,7700.0,GR142398,04_GRECO
alterar,339174367,GR142226,"Sensor de Fluxo 25,4mm - Greco Agro Tech | Precision Plantin",V,696.42,500.13,290.0,GR142226,04_GRECO
alterar,339174391,GR142227,Sensor de Fluxo 32mm - Greco Agro Tech | Precision Planting ,V,732.51,531.95,310.0,GR142227,04_GRECO
alterar,339174408,GR142228,"Sensor de Fluxo 50,8mm - Greco Agro Tech | Precision Plantin",V,822.72,611.53,360.0,GR142228,04_GRECO
alterar,339174425,GR142229,Sensor de Semente - Greco Agro Tech | Precision Planting PM4,V,425.79,261.35,140.0,GR142229,04_GRECO
alterar,339174463,ACX3266690,Suporte do Dosador - AGCO ACX3266690 | Plantadeira Momentum ,V,255.01,185.83,100.96,ACX3266690,03_AGCO
alterar,339174529,ACW0551840,Condutor de Sementes para Sensor - AGCO ACW0551840 - Padrão,V,23.11,17.93,9.15,ACW0551840,03_AGCO
alterar,355457350,ACW0551840-KIT25,CONDUTOR SEMENTES P/SENSOR — Kit 25 unidades,N,448.31,448.31,228.75,ACW0551840-KIT25,03_AGCO
alterar,355457358,ACX2865730-KIT60,TAMPA DO MODULO SRM — Kit 60 unidades,N,1115.99,1115.99,601.1999999999999,ACX2865730-KIT60,03_AGCO
alterar,339174469,ACX3454710,Conjunto Montado Reservatório de Sementes Mecânico AGCO ACX3,N,90.27,119.66,35.74,ACX3454710,03_AGCO
alterar,339174724,ACX2719210,Conjunto Montado Joelho - AGCO ACX2719210 - Padrão,V,29.07,23.57,13.81,ACX2719210,03_AGCO
alterar,339174815,4383927M4,Dobradiça Esquerda Inferior - Massey Ferguson 4383927M4 - Pa,V,50.54,34.87,20.01,4383927M4,03_AGCO
alterar,339174632,ACX283890A,Vedação Tubo de Ar - AGCO ACX283890A | Sistema Pneumático - ,V,50.88,35.08,20.14,ACX283890A,03_AGCO
alterar,339174659,ACX310603A,Manípulo Pneumático - AGCO ACX310603A - Padrão,V,11.45,7.92,4.53,ACX310603A,03_AGCO
alterar,339174837,4383923M4,Dobradiça Esquerda Superior - Massey Ferguson 4383923M4 - Pa,V,50.54,58.02,20.01,4383923M4,03_AGCO
alterar,339174608,ACX363311C,Copo Venturi C - AGCO ACX363311C | Dosador Pneumático - Padr,V,20.99,14.74,8.31,ACX363311C,03_AGCO
alterar,339174586,ACX363311B,Copo Venturi B - AGCO ACX363311B | Dosador Pneumático - Padr,V,20.99,14.74,8.31,ACX363311B,03_AGCO
alterar,339174680,ACX2414460,Conjunto Adaptador de Vácuo - AGCO ACX2414460 - Padrão,V,22.79,16.42,9.02,ACX2414460,03_AGCO
alterar,339174704,ACX3371800,Bocal Cotovelo de Vácuo - AGCO ACX3371800 - Padrão,V,14.58,11.13,5.77,ACX3371800,03_AGCO
alterar,355451845,ACX3371800-KIT50,BOCAL COTOVELO VACUO — Kit 50 unidades,N,556.22,556.22,288.5,ACX3371800-KIT50,03_AGCO
alterar,339174748,7038105M1,Acoplamento do Condutor - Massey Ferguson 7038105M1 - Padrão,V,9.95,7.06,3.94,7038105M1,03_AGCO
alterar,355451848,7038105M1-KIT60,ACOPLAMENTO DO CONDUTOR — Kit 60 unidades,N,423.86,423.86,236.4,7038105M1-KIT60,03_AGCO
alterar,339174765,7038106M1,Acoplamento da Curva - Massey Ferguson 7038106M1 - Padrão,V,9.95,7.06,3.94,7038106M1,03_AGCO
alterar,355451851,7038106M1-KIT60,ACOPLAMENTO DA CURVA — Kit 60 unidades,N,423.86,423.86,236.4,7038106M1-KIT60,03_AGCO
alterar,339174800,ACX5458940,Proteção SRM - AGCO ACX5458940 | Monitor de Linhas - Padrão,V,21.83,16.5,8.64,ACX5458940,03_AGCO
alterar,355451854,ACX5458940-KIT40,PROTEÇÃO SRM — Kit 40 unidades,N,659.9,659.9,345.6,ACX5458940-KIT40,03_AGCO
alterar,339174619,ACX3601860,Copo Venturi - AGCO ACX3601860 | Dosador Pneumático - Padrão,V,24.18,16.18,9.57,ACX3601860,03_AGCO
alterar,355451857,ACX3601860-KIT60,COPO VENTURI — Kit 60 unidades,N,971.19,971.19,574.2,ACX3601860-KIT60,03_AGCO
alterar,339174847,4383933M4,Dobradiça Direita Superior - Massey Ferguson 4383933M4 - Pad,V,50.54,34.87,20.01,4383933M4,03_AGCO
alterar,339174858,4383934M4,Dobradiça Direita Inferior - Massey Ferguson 4383934M4 - Pad,V,50.54,34.87,20.01,4383934M4,03_AGCO
alterar,339174569,ACX3473430,Tampa Maior do Tubo - AGCO ACX3473430 - Padrão,V,13.79,9.66,5.46,ACX3473430,03_AGCO
alterar,339174882,ACX329796A,Defletor do Radiador - AGCO ACX329796A - Padrão,V,215.84,193.42,85.45,ACX329796A,03_AGCO
alterar,339174558,33070004,Condutor Reto de Sementes - AGCO 33070004 - Padrão,V,16.27,14.38,6.44,33070004,03_AGCO
alterar,355354280,6237989M1,6237989M1 KIT 10 PÇ - CORPO BICO 1POL E SAÍDAS,N,405.69,45.72,26.46,6237989M1,03_AGCO
alterar,349111811,H-102724,DEDO RETRATIL JD QUADRADO - H-102724,N,12.64,9.98,5.0,H-102724,05_JOHN_DEERE
alterar,349111816,H-169914,DEDO RETRATIL JD - H-169914,N,12.64,10.03,5.0,H-169914,05_JOHN_DEERE
alterar,349111821,H-175727,SUPORTE DO MOLINETE - H-175727,N,7.32,5.9,2.9,H-175727,05_JOHN_DEERE
alterar,349111848,N276747,TAMPA ALGODÃO - N276747,N,25.01,19.77,9.9,N276747,05_JOHN_DEERE
alterar,349111855,A56254,ARO TAMPA RESERVATORIO CENTRAL DE SEMENTES - A56254,N,164.19,159.96,65.0,A56254,05_JOHN_DEERE
alterar,349111863,CQ59313,CAIXA DE SEMENTES MINI HOOPER - CQ59313,N,68.2,80.99,27.0,CQ59313,05_JOHN_DEERE
alterar,349111868,CQ65827,CONDUTOR JD - CQ65827,N,10.36,10.93,4.1,CQ65827,05_JOHN_DEERE
alterar,349111874,CQ54137,CONDUTOR JOHN DEERE - CQ54137,N,11.36,10.27,4.5,CQ54137,05_JOHN_DEERE
alterar,349111880,AA67780,CONDUTOR JOHN DEERE ACRILICO - AA67780,N,49.26,41.48,19.5,AA67780,05_JOHN_DEERE
alterar,349111893,A75169,CONEXÃO PIPOQUEIRA JD - A75169,N,11.36,9.08,4.5,A75169,05_JOHN_DEERE
alterar,349111898,A71321,ENGATE CONDUTOR JD - A71321,N,11.36,9.27,4.5,A71321,05_JOHN_DEERE
alterar,349111904,A72758,PENEIRA MINI HOOPER - A72758,N,14.15,10.88,5.6,A72758,05_JOHN_DEERE
alterar,349111912,A78269,TAMPA RESERVATORIO CENTRAL DE SEMENTES - A78269,N,477.39,414.75,189.0,A78269,05_JOHN_DEERE
alterar,349111917,A74430,ENGATE HIDR. RAPIDO - A74430,N,37.89,30.74,15.0,A74430,05_JOHN_DEERE
alterar,349111922,6424-4005,ACABAMENTO LATERAL RESERVATORIO DE SEMENTES - 6424-4005,N,8.36,8.05,3.9744,6424-4005,06_STARA
alterar,349111937,8031-4009,BICO CENTRAL 45/50 - 8031-4009,N,330.28,419.51,156.90996,8031-4009,06_STARA
alterar,349111944,6424-4028,BOCAL PIPOQUEIRA - 6424-4028,N,13.62,13.08,6.47082,6424-4028,06_STARA
alterar,349111954,6424-4026,CONEXAO MANGUEIRA SEMENTES - 6424-4026,N,8.34,8.09,3.96198,6424-4026,06_STARA
alterar,349111960,8031-4010,CARENAGEM CENTRAL - 8031-4010,N,337.59,402.63,160.38,8031-4010,06_STARA
alterar,349112008,6117-4142,BUCHA DO MANCAL PANTOGRAFICO - 6117-4142,N,3.13,3.34,1.4904,6117-4142,06_STARA
alterar,349112043,8031-4008,PONTEIRA BICO - 8031-4008,N,45.12,44.43,21.43692,8031-4008,06_STARA
alterar,349112070,6424-4013,CONDUTOR ADUBO DISCO DUPLO - 6424-4013,N,17.33,21.95,8.23446,6424-4013,06_STARA
alterar,349112101,IPCX03009065,GIRO MOLINETE 2 - IPCX03009065,N,3.02,3.06,1.4364,IPCX03009065,07_GTS
alterar,349112107,IPCX03009064,GIRO MOLINETE 1 - IPCX03009064,N,3.02,3.06,1.4364,IPCX03009064,07_GTS
alterar,349112112,IPCX05009034,ROTULA MOLINETE - IPCX05009034,N,6,5.81,2.8512,IPCX05009034,07_GTS
alterar,349112123,IPCX03006056,MANCAL DEDO RETRÁTIL - IPCX03006056,N,7.21,6.92,3.4236,IPCX03006056,07_GTS
alterar,349112129,IPCX03006047,GUIA DEDO RETRATIL - IPCX03006047,N,7.5,7.31,3.564,IPCX03006047,07_GTS
alterar,334772964,,Bomba de Direção Massey Ferguson 194-4F/362/365/372/390,P,1965.21,2063.34,1207.0,5.0220.0548836.0,02_SOHIPREN
alterar,334772845,,Bomba Hidráulica Massey Ferguson MF A-016 - Trator 4299,P,2604.24,2734.28,1632.0,5.1302.0565053.0,02_SOHIPREN
alterar,334771433,,Bomba Hidráulica Dupla Valtra-Valmet BH160,P,1850.18,1942.57,1130.5,5.0220.0548824.0,02_SOHIPREN
alterar,334772656,,Bomba Hidráulica Principal Valtra-Valmet 885/985/1280,P,1850.18,1942.57,1130.5,5.0220.0547201.0,02_SOHIPREN
alterar,334772693,,Bomba Hidráulica Principal Valtra-Valmet 880/980/1780,P,1719.82,1805.7,1043.8,5.0220.0547205.0,02_SOHIPREN
alterar,334771783,,Bomba Hidráulica Ford New Holland CNH A-008 - Série TB/TS,P,3748.1,3935.26,2392.75,5.1301.0565008.0,02_SOHIPREN
alterar,334772001,,Bomba Hidráulica Ford New Holland CNH A-017 - Série TS6000,P,3748.1,3935.26,2392.75,5.1301.0565017.0,02_SOHIPREN
alterar,334772927,,Bomba Hidráulica Ford New Holland CNH A-004 - 340/2910/3930/,P,2533.94,2660.47,1585.25,5.1301.0565004.0,02_SOHIPREN
alterar,334772863,,Bomba Hidráulica Ford New Holland CNH A-001 - 5600/6600/7600,P,2533.94,2660.47,1585.25,5.1301.0565001.0,02_SOHIPREN
alterar,334772895,,Bomba Hidráulica Principal Ford New Holland CNH A-002 - 5610,P,2533.94,2660.47,1585.25,5.1301.0565002.0,02_SOHIPREN
alterar,334772050,,Bomba Hidráulica New Holland CNH A-024 - Série T6,P,3978.15,4176.8,2545.75,5.1301.0565035.0,02_SOHIPREN
alterar,334772430,,Bomba Hidráulica Direção e Levante John Deere A-004 - Série ,P,2898.19,3042.91,1827.5,5.1305.0565071.0,02_SOHIPREN
alterar,334772086,,Bomba Hidráulica Principal John Deere A-003 - Série 6000,P,1438.65,1510.48,856.8,5.1305.0565036.0,02_SOHIPREN
alterar,334772828,,Bomba Hidráulica Massey Ferguson MF A-004 - 4215/4220/4235/4,P,1920.47,2016.37,1177.25,5.1302.0547844.0,02_SOHIPREN
alterar,334772765,,Bomba Hidráulica Massey Ferguson MF A-013 - Direção e Levant,P,1977.99,2076.76,1215.5,5.1302.0547820.0,02_SOHIPREN
alterar,334772730,,Bomba Hidráulica Principal Valtra-Valmet 118ES/128/138/148,P,1850.18,1942.57,1130.5,5.0220.0547206.0,02_SOHIPREN
alterar,339174218,,GPS Agrícola GR200 - Greco Agro Tech | Navegação de Precisão,P,6309.11,6594.15,4100.0,GR141207,04_GRECO
alterar,339174244,,Kit de Iluminação Noturna Pulverização - Greco Agro Tech,P,1482.55,1500.84,890.0,GR141165,04_GRECO
alterar,339174263,,Kit Ponta de Cerca - Greco Agro Tech,P,1793.8,1830.32,1097.0,GR140990,04_GRECO
alterar,339174294,,Sensor de Levante Haste - Greco Agro Tech | Precision Planti,P,1031.47,977.63,590.0,GR140682,04_GRECO
alterar,339174307,,Sensor de Levante Corrente - Greco Agro Tech | Precision Pla,P,881.11,818.47,490.0,GR140012,04_GRECO
alterar,339174328,,Monitor de Fluxo de Sementes GR500 - Greco Agro Tech,P,11722.07,12217.59,7700.0,GR142398,04_GRECO
alterar,339174352,,"Sensor de Fluxo 25,4mm - Greco Agro Tech | Precision Plantin",P,580.39,500.13,290.0,GR142226,04_GRECO
alterar,339174378,,Sensor de Fluxo 32mm - Greco Agro Tech | Precision Planting ,P,610.46,531.95,310.0,GR142227,04_GRECO
alterar,339174398,,"Sensor de Fluxo 50,8mm - Greco Agro Tech | Precision Plantin",P,685.64,611.53,360.0,GR142228,04_GRECO
alterar,339174413,,Sensor de Semente - Greco Agro Tech | Precision Planting PM4,P,354.85,261.35,140.0,GR142229,04_GRECO
alterar,339174437,,Suporte do Dosador - AGCO ACX3266690 | Plantadeira Momentum,P,212.52,185.83,100.96,ACX3266690,03_AGCO
alterar,339174506,,Condutor de Sementes para Sensor - AGCO ACW0551840,P,19.26,17.93,9.15,ACW0551840,03_AGCO
alterar,339174717,,Conjunto Montado Joelho - AGCO ACX2719210,P,29.07,23.57,13.81,ACX2719210,03_AGCO
alterar,339174808,,Dobradiça Esquerda Inferior - Massey Ferguson 4383927M4,P,42.12,34.87,20.01,4383927M4,03_AGCO
alterar,339174628,,Vedação Tubo de Ar - AGCO ACX283890A | Sistema Pneumático,P,42.4,35.08,20.14,ACX283890A,03_AGCO
alterar,339174643,,Manípulo Pneumático - AGCO ACX310603A,P,9.54,7.92,4.53,ACX310603A,03_AGCO
alterar,339174829,,Dobradiça Esquerda Superior - Massey Ferguson 4383923M4,P,42.12,58.02,20.01,4383923M4,03_AGCO
alterar,339174596,,Copo Venturi C - AGCO ACX363311C | Dosador Pneumático,P,17.49,14.74,8.31,ACX363311C,03_AGCO
alterar,339174574,,Copo Venturi B - AGCO ACX363311B | Dosador Pneumático,P,17.49,14.74,8.31,ACX363311B,03_AGCO
alterar,339174667,,Conjunto Adaptador de Vácuo - AGCO ACX2414460,P,18.99,16.42,9.02,ACX2414460,03_AGCO
alterar,339174688,,Bocal Cotovelo de Vácuo - AGCO ACX3371800,P,12.15,11.13,5.77,ACX3371800,03_AGCO
alterar,339174729,,Acoplamento do Condutor - Massey Ferguson 7038105M1,P,8.29,7.06,3.94,7038105M1,03_AGCO
alterar,339174754,,Acoplamento da Curva - Massey Ferguson 7038106M1,P,8.29,7.06,3.94,7038106M1,03_AGCO
alterar,339174787,,Proteção SRM - AGCO ACX5458940 | Monitor de Linhas,P,18.19,16.5,8.64,ACX5458940,03_AGCO
alterar,339174615,,Copo Venturi - AGCO ACX3601860 | Dosador Pneumático,P,20.15,16.18,9.57,ACX3601860,03_AGCO
alterar,339174843,,Dobradiça Direita Superior - Massey Ferguson 4383933M4,P,42.12,34.87,20.01,4383933M4,03_AGCO
alterar,339174854,,Dobradiça Direita Inferior - Massey Ferguson 4383934M4,P,42.12,34.87,20.01,4383934M4,03_AGCO
alterar,339174563,,Tampa Maior do Tubo - AGCO ACX3473430,P,11.49,9.66,5.46,ACX3473430,03_AGCO
alterar,339174870,,Defletor do Radiador - AGCO ACX329796A,P,179.88,193.42,85.45,ACX329796A,03_AGCO
alterar,339174548,,Condutor Reto de Sementes - AGCO 33070004,P,13.56,14.38,6.44,33070004,03_AGCO
criar,,5.1621.0680005.0,MLR 160 C3.C2.P5,N,,1369.59,767.55,5.1621.0680005.0,02_SOHIPREN
criar,,5.1302.0565122.0,BOMBA APLICACION MF A-028 (ACX5148180) GIRO I (PROTOTIPO),N,,1888.89,1096.5,5.1302.0565122.0,02_SOHIPREN
criar,,ACX2719210-KIT30,CJ MONTADO JOELHO — Kit 30 unidades,N,,707.01,414.3,ACX2719210-KIT30,03_AGCO
criar,,4383927M4-KIT10,DOBRADIÇA ESQUERDA INFERIOR — Kit 10 unidades,N,,348.68,200.10000000000002,4383927M4-KIT10,03_AGCO
criar,,ACX283890A-KIT10,VEDAÇÃO TUBO DE AR — Kit 10 unidades,N,,350.75,201.4,ACX283890A-KIT10,03_AGCO
criar,,ACX310603A-KIT50,MANIPULO PNEUMATICO — Kit 50 unidades,N,,396.58,226.5,ACX310603A-KIT50,03_AGCO
criar,,ACX363311C-KIT60,COPO VENTURI C — Kit 60 unidades,N,,884.25,498.6,ACX363311C-KIT60,03_AGCO
criar,,ACX363311B-KIT60,COPO VENTURI B — Kit 60 unidades,N,,884.25,498.6,ACX363311B-KIT60,03_AGCO
criar,,ACX2414460-KIT20,CJ ADAPTADOR DE VACUO — Kit 20 unidades,N,,328.33,180.39999999999998,ACX2414460-KIT20,03_AGCO
criar,,4383933M4-KIT10,DOBRADIÇA DIREITA SUPERIOR — Kit 10 unidades,N,,348.68,200.10000000000002,4383933M4-KIT10,03_AGCO
criar,,4383934M4-KIT10,DOBRADIÇA DIREITA INFERIOR — Kit 10 unidades,N,,348.68,200.10000000000002,4383934M4-KIT10,03_AGCO
criar,,ACX3473430-KIT40,TAMPA MAIOR DO TUBO — Kit 40 unidades,N,,386.15,218.4,ACX3473430-KIT40,03_AGCO
criar,,33070004-KIT25,CONDUTOR RETO — Kit 25 unidades,N,,359.7,161.0,33070004-KIT25,03_AGCO
criar,,6237989M1-KIT10,CORPO BICO 1POL E SAÍDAS — Kit 10 unidades,N,,457.2,264.6,6237989M1-KIT10,03_AGCO
criar,,ACX363311C-KIT25,COPO VENTURI C — Kit 25 unidades,N,,371.86,207.75,ACX363311C-KIT25,03_AGCO
criar,,ACX363311B-KIT25,COPO VENTURI B — Kit 25 unidades,N,,371.86,207.75,ACX363311B-KIT25,03_AGCO
criar,,ACX3601860-KIT25,COPO VENTURI — Kit 25 unidades,N,,416.87,239.25,ACX3601860-KIT25,03_AGCO
criar,,H-102724-KIT50,DEDO RETRATIL JD QUADRADO — Kit 50 unidades,N,,498.81,250.0,H-102724-KIT50,05_JOHN_DEERE
criar,,H-169914-KIT50,DEDO RETRATIL JD — Kit 50 unidades,N,,501.84,250.0,H-169914-KIT50,05_JOHN_DEERE
criar,,H-175727-KIT50,SUPORTE DO MOLINETE — Kit 50 unidades,N,,294.55,145.0,H-175727-KIT50,05_JOHN_DEERE
criar,,KK31823-KIT25,DEDO RECOLHEDOR ALGODÃO GRANDE — Kit 25 unidades,N,,374.5,180.0,KK31823-KIT25,05_JOHN_DEERE
criar,,KK31824-KIT25,DEDO RECOLHEDOR ALGODÃO MÉDIO — Kit 25 unidades,N,,249.07,120.0,KK31824-KIT25,05_JOHN_DEERE
criar,,KK31825-KIT25,DEDO RECOLHEDOR ALGODÃO PEQUENO — Kit 25 unidades,N,,210.62,100.0,KK31825-KIT25,05_JOHN_DEERE
criar,,N276747-KIT25,TAMPA ALGODÃO — Kit 25 unidades,N,,494.24,247.5,N276747-KIT25,05_JOHN_DEERE
criar,,CQ65827-KIT50,CONDUTOR JD — Kit 50 unidades,N,,547.09,204.99999999999997,CQ65827-KIT50,05_JOHN_DEERE
criar,,CQ54137-KIT50,CONDUTOR JOHN DEERE — Kit 50 unidades,N,,512.88,225.0,CQ54137-KIT50,05_JOHN_DEERE
criar,,AA67780-KIT10,CONDUTOR JOHN DEERE ACRILICO — Kit 10 unidades,N,,414.77,195.0,AA67780-KIT10,05_JOHN_DEERE
criar,,CQ73378-KIT30,CONDUTOR PLANTADEIRA JOHN DEERE — Kit 30 unidades,N,,358.42,140.1,CQ73378-KIT30,05_JOHN_DEERE
criar,,A75169-KIT50,CONEXÃO PIPOQUEIRA JD — Kit 50 unidades,N,,453.33,225.0,A75169-KIT50,05_JOHN_DEERE
criar,,A71321-KIT50,ENGATE CONDUTOR JD — Kit 50 unidades,N,,463.66,225.0,A71321-KIT50,05_JOHN_DEERE
criar,,A72758-KIT50,PENEIRA MINI HOOPER — Kit 50 unidades,N,,543.84,280.0,A72758-KIT50,05_JOHN_DEERE
criar,,A74430-KIT10,ENGATE HIDR. RAPIDO — Kit 10 unidades,N,,307.35,150.0,A74430-KIT10,05_JOHN_DEERE
criar,,KK31823-KIT50,DEDO RECOLHEDOR ALGODÃO GRANDE — Kit 50 unidades,N,,723.52,360.0,KK31823-KIT50,05_JOHN_DEERE
criar,,KK31824-KIT50,DEDO RECOLHEDOR ALGODÃO MÉDIO — Kit 50 unidades,N,,471.08,240.0,KK31824-KIT50,05_JOHN_DEERE
criar,,6424-4005-KIT50,ACABAMENTO LATERAL RESERVATORIO DE SEMENTES — Kit 50 unidade,N,,402.7,198.72,6424-4005-KIT50,06_STARA
criar,,6424-4026-KIT50,CONEXAO MANGUEIRA SEMENTES — Kit 50 unidades,N,,404.39,198.099,6424-4026-KIT50,06_STARA
criar,,6117-4142-KIT50,BUCHA DO MANCAL PANTOGRAFICO — Kit 50 unidades,N,,166.73,74.52,6117-4142-KIT50,06_STARA
criar,,8031-4008-KIT10,PONTEIRA BICO — Kit 10 unidades,N,,444.32,214.3692,8031-4008-KIT10,06_STARA
criar,,6424-4013-KIT25,CONDUTOR ADUBO DISCO DUPLO — Kit 25 unidades,N,,548.64,205.8615,6424-4013-KIT25,06_STARA
criar,,IPCX03009065-KIT100,GIRO MOLINETE 2 — Kit 100 unidades,N,,305.33,143.64,IPCX03009065-KIT100,07_GTS
criar,,IPCX03009064-KIT100,GIRO MOLINETE 1 — Kit 100 unidades,N,,305.33,143.64,IPCX03009064-KIT100,07_GTS
criar,,IPCX05009034-KIT75,ROTULA MOLINETE — Kit 75 unidades,N,,436.06,213.84,IPCX05009034-KIT75,07_GTS
criar,,IPCX03007010-KIT20,DEDO MOLINETE GTS — Kit 20 unidades,N,,156.86,67.0,IPCX03007010-KIT20,07_GTS
criar,,IPCX03007010-KIT50,DEDO MOLINETE GTS — Kit 50 unidades,N,,348.72,167.5,IPCX03007010-KIT50,07_GTS
criar,,IPCX03007010-KIT100,DEDO MOLINETE GTS — Kit 100 unidades,N,,674.79,335.0,IPCX03007010-KIT100,07_GTS
criar,,IPCX03006056-KIT60,MANCAL DEDO RETRÁTIL — Kit 60 unidades,N,,414.87,205.416,IPCX03006056-KIT60,07_GTS
criar,,IPCX03006047-KIT50,GUIA DEDO RETRATIL — Kit 50 unidades,N,,365.37,178.2,IPCX03006047-KIT50,07_GTS
