Campaign,Campaign Daily Budget,Campaign Type,Networks,Languages,Bid Strategy Type,Campaign Status,Location,Excluded Location,Ad Group,Ad Group Status,Keyword,Criterion Type,Final URL,Ad Type,Headline 1,Headline 2,Headline 3,Headline 4,Headline 5,Headline 6,Headline 7,Description 1,Description 2,Description 3,Description 4,Path 1,Path 2
APP | Search | Sensores+GPS+Kits,15.00,Search,Google search,pt,Maximize conversions,Enabled,,,,,,,,,,,,,,,,,,,,,
APP | Search | Sensores+GPS+Kits,,,,,,,"Rio Grande do Sul, Brazil",,,,,,,,,,,,,,,,,,,,
APP | Search | Sensores+GPS+Kits,,,,,,,"Santa Catarina, Brazil",,,,,,,,,,,,,,,,,,,,
APP | Search | Sensores+GPS+Kits,,,,,,,"Parana, Brazil",,,,,,,,,,,,,,,,,,,,
APP | Search | Sensores+GPS+Kits,,,,,,,"Mato Grosso, Brazil",,,,,,,,,,,,,,,,,,,,
APP | Search | Sensores+GPS+Kits,,,,,,,"Mato Grosso do Sul, Brazil",,,,,,,,,,,,,,,,,,,,
APP | Search | Sensores+GPS+Kits,,,,,,,"State of Sao Paulo, Brazil",,,,,,,,,,,,,,,,,,,,
APP | Search | Sensores+GPS+Kits,,,,,,,,"Sao Paulo, State of Sao Paulo, Brazil",,,,,,,,,,,,,,,,,,,
APP | Search | Sensores+GPS+Kits,,,,,,,,"Guarulhos, State of Sao Paulo, Brazil",,,,,,,,,,,,,,,,,,,
APP | Search | Sensores+GPS+Kits,,,,,,,,"Osasco, State of Sao Paulo, Brazil",,,,,,,,,,,,,,,,,,,
APP | Search | Sensores+GPS+Kits,,,,,,,,"Santo Andre, State of Sao Paulo, Brazil",,,,,,,,,,,,,,,,,,,
APP | Search | Sensores+GPS+Kits,,,,,,,,"Sao Bernardo do Campo, State of Sao Paulo, Brazil",,,,,,,,,,,,,,,,,,,
APP | Search | Sensores+GPS+Kits,,,,,,,,,GPS e Monitores,Enabled,,,,,,,,,,,,,,,,,
APP | Search | Sensores+GPS+Kits,,,,,,,,,GPS e Monitores,,"gps agricola",Phrase,https://agropecaspadrao.com.br/collections/agricultura-de-precisao,,,,,,,,,,,,,,
APP | Search | Sensores+GPS+Kits,,,,,,,,,GPS e Monitores,,"gps agricola para trator",Phrase,https://agropecaspadrao.com.br/collections/agricultura-de-precisao,,,,,,,,,,,,,,
APP | Search | Sensores+GPS+Kits,,,,,,,,,GPS e Monitores,,"barra de luz gps agricola",Phrase,https://agropecaspadrao.com.br/collections/agricultura-de-precisao,,,,,,,,,,,,,,
APP | Search | Sensores+GPS+Kits,,,,,,,,,GPS e Monitores,,"gps agricola preço",Phrase,https://agropecaspadrao.com.br/collections/agricultura-de-precisao,,,,,,,,,,,,,,
APP | Search | Sensores+GPS+Kits,,,,,,,,,GPS e Monitores,,"monitor de plantio",Phrase,https://agropecaspadrao.com.br/products/monitor-de-fluxo-de-sementes-gr500-greco-agro-tech,,,,,,,,,,,,,,
APP | Search | Sensores+GPS+Kits,,,,,,,,,GPS e Monitores,,"monitor de fluxo de sementes",Phrase,https://agropecaspadrao.com.br/products/monitor-de-fluxo-de-sementes-gr500-greco-agro-tech,,,,,,,,,,,,,,
APP | Search | Sensores+GPS+Kits,,,,,,,,,GPS e Monitores,,gps agricola gr200,Exact,https://agropecaspadrao.com.br/products/gps-agricola-gr200-greco-agro-tech-navegacao-de-precisao,,,,,,,,,,,,,,
APP | Search | Sensores+GPS+Kits,,,,,,,,,GPS e Monitores,,monitor gr500,Exact,https://agropecaspadrao.com.br/products/monitor-de-fluxo-de-sementes-gr500-greco-agro-tech,,,,,,,,,,,,,,
APP | Search | Sensores+GPS+Kits,,,,,,,,,GPS e Monitores,,,,https://agropecaspadrao.com.br/collections/agricultura-de-precisao,Responsive search ad,GPS Agrícola GR200,Monitor de Plantio GR500,Cotação Rápida no WhatsApp,Peças no Padrão Original OEM,Pronta Entrega p/ o Sul,Envio Imediato p/ Todo Brasil,Fornecedores com ISO 9001,Sensores GPS e kits de desgaste com preço de atacado. Fornecedores certificados ISO.,Cotação na hora pelo WhatsApp. Atendimento técnico especializado.,Compatível com John Deere Massey Valtra e Stara. Envio p/ RS SC PR MT MS e SP.,Pague no cartão em até 12x. Envio imediato.,agricultura,precisao
APP | Search | Sensores+GPS+Kits,,,,,,,,,Sensores Plantadeira,Enabled,,,,,,,,,,,,,,,,,
APP | Search | Sensores+GPS+Kits,,,,,,,,,Sensores Plantadeira,,"sensor de semente plantadeira",Phrase,https://agropecaspadrao.com.br/collections/sensores-agricolas,,,,,,,,,,,,,,
APP | Search | Sensores+GPS+Kits,,,,,,,,,Sensores Plantadeira,,"sensor de fluxo plantadeira",Phrase,https://agropecaspadrao.com.br/collections/sensores-agricolas,,,,,,,,,,,,,,
APP | Search | Sensores+GPS+Kits,,,,,,,,,Sensores Plantadeira,,"sensor pm400",Phrase,https://agropecaspadrao.com.br/collections/sensores-agricolas,,,,,,,,,,,,,,
APP | Search | Sensores+GPS+Kits,,,,,,,,,Sensores Plantadeira,,"precision planting pm400",Phrase,https://agropecaspadrao.com.br/collections/sensores-agricolas,,,,,,,,,,,,,,
APP | Search | Sensores+GPS+Kits,,,,,,,,,Sensores Plantadeira,,"sensor de levante plantadeira",Phrase,https://agropecaspadrao.com.br/products/sensor-de-levante-haste-greco-agro-tech-precision-planting-pm400,,,,,,,,,,,,,,
APP | Search | Sensores+GPS+Kits,,,,,,,,,Sensores Plantadeira,,,,https://agropecaspadrao.com.br/collections/sensores-agricolas,Responsive search ad,Sensores p/ Plantadeira,Sensor Precision PM400,Cotação Rápida no WhatsApp,Peças no Padrão Original OEM,Pronta Entrega p/ o Sul,Fornecedores com ISO 9001,Busque pelo Código da Peça,Sensores de semente fluxo e levante para plantadeira. Cotação na hora no WhatsApp.,Compatível com John Deere Massey Valtra e Stara. Envio p/ RS SC PR MT MS e SP.,Atendimento técnico via WhatsApp. Pague em até 12x.,Sensores GPS e kits com preço de atacado.,sensores,plantadeira
APP | Search | Sensores+GPS+Kits,,,,,,,,,Kits Desgaste Colheita,Enabled,,,,,,,,,,,,,,,,,
APP | Search | Sensores+GPS+Kits,,,,,,,,,Kits Desgaste Colheita,,"dedo retratil john deere",Phrase,https://agropecaspadrao.com.br/products/dedo-retratil-jd-h-169914,,,,,,,,,,,,,,
APP | Search | Sensores+GPS+Kits,,,,,,,,,Kits Desgaste Colheita,,"dedo retratil colheitadeira",Phrase,https://agropecaspadrao.com.br/products/dedo-retratil-jd-h-169914,,,,,,,,,,,,,,
APP | Search | Sensores+GPS+Kits,,,,,,,,,Kits Desgaste Colheita,,"kit dedo retratil",Phrase,https://agropecaspadrao.com.br/products/dedo-retratil-kit-50-unidades-john-deere-h-169914,,,,,,,,,,,,,,
APP | Search | Sensores+GPS+Kits,,,,,,,,,Kits Desgaste Colheita,,h-169914,Exact,https://agropecaspadrao.com.br/products/dedo-retratil-jd-h-169914,,,,,,,,,,,,,,
APP | Search | Sensores+GPS+Kits,,,,,,,,,Kits Desgaste Colheita,,h-102724,Exact,https://agropecaspadrao.com.br/products/dedo-retratil-jd-quadrado-h-102724,,,,,,,,,,,,,,
APP | Search | Sensores+GPS+Kits,,,,,,,,,Kits Desgaste Colheita,,"dedo recolhedor algodão",Phrase,https://agropecaspadrao.com.br/products/dedo-recolhedor-algodao-grande-kk31823,,,,,,,,,,,,,,
APP | Search | Sensores+GPS+Kits,,,,,,,,,Kits Desgaste Colheita,,kk31823,Exact,https://agropecaspadrao.com.br/products/dedo-recolhedor-algodao-grande-kk31823,,,,,,,,,,,,,,
APP | Search | Sensores+GPS+Kits,,,,,,,,,Kits Desgaste Colheita,,kk31824,Exact,https://agropecaspadrao.com.br/products/dedo-recolhedor-algodao-medio-kk31824,,,,,,,,,,,,,,
APP | Search | Sensores+GPS+Kits,,,,,,,,,Kits Desgaste Colheita,,kk31825,Exact,https://agropecaspadrao.com.br/products/dedo-recolhedor-algodao-pequeno-kk31825,,,,,,,,,,,,,,
APP | Search | Sensores+GPS+Kits,,,,,,,,,Kits Desgaste Colheita,,,,https://agropecaspadrao.com.br/collections/pecas-plasticas-injetadas,Responsive search ad,Dedo Retrátil John Deere,Kits com Preço de Atacado,Peças p/ Colheitadeira,Cotação Rápida no WhatsApp,Peças no Padrão Original OEM,Pronta Entrega p/ o Sul,Envio Imediato p/ Todo Brasil,Kits de desgaste p/ colheitadeira com preço de atacado. Pronta entrega.,Cotação na hora pelo WhatsApp. Atendimento técnico especializado.,Compatível com John Deere Massey Valtra e Stara. Envio p/ RS SC PR MT MS e SP.,Pague no cartão em até 12x.,kits,colheita
APP | Search | Sensores+GPS+Kits,,,,,,,,,Part Numbers AGCO,Enabled,,,,,,,,,,,,,,,,,
APP | Search | Sensores+GPS+Kits,,,,,,,,,Part Numbers AGCO,,acx363311b,Exact,https://agropecaspadrao.com.br/products/copo-venturi-b-agco-acx363311b-dosador-pneumatico,,,,,,,,,,,,,,
APP | Search | Sensores+GPS+Kits,,,,,,,,,Part Numbers AGCO,,acx363311c,Exact,https://agropecaspadrao.com.br/products/copo-venturi-c-agco-acx363311c-dosador-pneumatico,,,,,,,,,,,,,,
APP | Search | Sensores+GPS+Kits,,,,,,,,,Part Numbers AGCO,,acx3601860,Exact,https://agropecaspadrao.com.br/products/copo-venturi-agco-acx3601860-dosador-pneumatico,,,,,,,,,,,,,,
APP | Search | Sensores+GPS+Kits,,,,,,,,,Part Numbers AGCO,,acx2414460,Exact,https://agropecaspadrao.com.br/products/conjunto-adaptador-de-vacuo-agco-acx2414460,,,,,,,,,,,,,,
APP | Search | Sensores+GPS+Kits,,,,,,,,,Part Numbers AGCO,,acx3266690,Exact,https://agropecaspadrao.com.br/products/suporte-do-dosador-agco-acx3266690-plantadeira-momentum,,,,,,,,,,,,,,
APP | Search | Sensores+GPS+Kits,,,,,,,,,Part Numbers AGCO,,acw0551840,Exact,https://agropecaspadrao.com.br/products/condutor-de-sementes-para-sensor-agco-acw0551840,,,,,,,,,,,,,,
APP | Search | Sensores+GPS+Kits,,,,,,,,,Part Numbers AGCO,,acx2865730,Exact,https://agropecaspadrao.com.br/products/tampa-do-modulo-srm-agco-acx2865730-monitor-de-linhas,,,,,,,,,,,,,,
APP | Search | Sensores+GPS+Kits,,,,,,,,,Part Numbers AGCO,,acx5458940,Exact,https://agropecaspadrao.com.br/products/protecao-srm-agco-acx5458940-monitor-de-linhas,,,,,,,,,,,,,,
APP | Search | Sensores+GPS+Kits,,,,,,,,,Part Numbers AGCO,,7038105m1,Exact,https://agropecaspadrao.com.br/products/acoplamento-do-condutor-massey-ferguson-7038105m1,,,,,,,,,,,,,,
APP | Search | Sensores+GPS+Kits,,,,,,,,,Part Numbers AGCO,,7038106m1,Exact,https://agropecaspadrao.com.br/products/acoplamento-da-curva-massey-ferguson-7038106m1,,,,,,,,,,,,,,
APP | Search | Sensores+GPS+Kits,,,,,,,,,Part Numbers AGCO,,"peças plantadeira momentum",Phrase,https://agropecaspadrao.com.br/collections/pecas-plasticas-injetadas,,,,,,,,,,,,,,
APP | Search | Sensores+GPS+Kits,,,,,,,,,Part Numbers AGCO,,"copo venturi plantadeira",Phrase,https://agropecaspadrao.com.br/collections/pecas-plasticas-injetadas,,,,,,,,,,,,,,
APP | Search | Sensores+GPS+Kits,,,,,,,,,Part Numbers AGCO,,,,https://agropecaspadrao.com.br/collections/pecas-plasticas-injetadas,Responsive search ad,Busque pelo Código da Peça,Peças p/ Plantadeira AGCO,Peças no Padrão Original OEM,Cotação Rápida no WhatsApp,Kits com Preço de Atacado,Pronta Entrega p/ o Sul,Fornecedores com ISO 9001,Achou o código? A peça está aqui. Cotação na hora pelo WhatsApp.,Peças p/ plantadeira Momentum e outras. Envio p/ RS SC PR MT MS e SP.,Kits fechados com preço de atacado. Pronta entrega.,Pague no cartão em até 12x.,pecas,agco
