Campaign,Keyword,Criterion Type
APP | Search | Sensores+GPS+Kits,usado,Campaign Negative Phrase
APP | Search | Sensores+GPS+Kits,usada,Campaign Negative Phrase
APP | Search | Sensores+GPS+Kits,mercado livre,Campaign Negative Phrase
APP | Search | Sensores+GPS+Kits,olx,Campaign Negative Phrase
APP | Search | Sensores+GPS+Kits,manual,Campaign Negative Phrase
APP | Search | Sensores+GPS+Kits,pdf,Campaign Negative Phrase
APP | Search | Sensores+GPS+Kits,curso,Campaign Negative Phrase
APP | Search | Sensores+GPS+Kits,como fazer,Campaign Negative Phrase
APP | Search | Sensores+GPS+Kits,gratis,Campaign Negative Phrase
APP | Search | Sensores+GPS+Kits,download,Campaign Negative Phrase
APP | Search | Sensores+GPS+Kits,vaga,Campaign Negative Phrase
APP | Search | Sensores+GPS+Kits,emprego,Campaign Negative Phrase
APP | Search | Sensores+GPS+Kits,salario,Campaign Negative Phrase
